cik,company,ticker,file_date,form,adsh,doc,query
1472072,Concord Medical Services Holdings Ltd,CCM,2016-07-11,SC 13D/A,0001144204-16-112332,v444012_ex99-4.htm,"""preliminary non-binding proposal"" ""per share"""
1589526,Blue Bird Corp,BLBD,2016-07-21,SC 13D/A,0001140361-16-072949,ex99_1.htm,"""non-binding indication of interest"" ""per share"""
3570,CHENIERE ENERGY INC,LNG,2016-09-30,SC 13D/A,0001193125-16-726702,d76150dex995.htm,"""preliminary non-binding proposal"" ""per share"""
1546296,"Professional Diversity Network, Inc.",IPDN,2016-12-21,SC 13D/A,0001214659-16-015396,p1220161sc13da1.htm,"""non-binding proposal"" ""per share in cash"""
895421,MORGAN STANLEY,MS,2017-02-17,SC 13D/A,0000950142-17-000393,eh1700307_ex9909.htm,"""preliminary non-binding proposal"" ""per share"""
1157762,CHINA AUTOMOTIVE SYSTEMS INC,CAAS,2017-05-16,SC 13D/A,0001144204-17-027767,v467163_ex7-02.htm,"""preliminary non-binding proposal"" ""per share"""
1375877,Canadian Solar Inc.,CSIQ,2017-12-12,SC 13D/A,0001104659-17-072836,a17-28319_1ex7d02.htm,"""preliminary non-binding proposal"" ""per share"""
3570,CHENIERE ENERGY INC,LNG,2018-05-17,SC 13D/A,0001193125-18-165966,d564264dex9914.htm,"""preliminary non-binding proposal"" ""per share"""
1615165,"Veritone, Inc.",VERI,2018-12-20,SC 13D/A,0001193125-18-354590,d678499dsc13da.htm,"""preliminary non-binding proposal"" ""per share"""
933036,RENT A CENTER INC DE,UPBD,2018-12-21,SC 13D/A,0001144204-18-066097,tv509706_ex7.htm,"""unsolicited proposal"" ""per share in cash"""
1018164,WILLIS LEASE FINANCE CORP,WLFC,2019-06-28,SC 13D/A,0001104659-19-037997,a19-12240_1sc13da.htm,"""non-binding indication of interest"" ""per share"""
1171759,RED ROBIN GOURMET BURGERS INC,RRGB,2019-07-18,SC 13D/A,0001144204-19-035047,tv525451_ex4.htm,"""non-binding proposal"" ""per share in cash"""
1620179,"Exela Technologies, Inc.",XELA,2019-07-18,SC 13D/A,0001104659-19-040842,a19-12979_1sc13da.htm,"""non-binding indication of interest"" ""per share"""
1549802,"JD.com, Inc.",JD,2019-09-16,SC 13D/A,0001193125-19-245806,d804600dsc13da.htm,"""preliminary non-binding proposal"" ""per share"""
945983,"Wayside Technology Group, Inc.",CLMB,2019-12-11,SC 13D/A,0000921895-19-002961,sc13da107176005_12102019.htm,"""preliminary non-binding proposal"" ""per share"""
1001171,BROADWAY FINANCIAL CORP \DE\,BYFC,2020-04-14,SC 13D/A,0001193125-20-106014,d882933dex991.htm,"""non-binding indication of interest"" ""per share"""
876883,MDC PARTNERS INC,STGW,2020-06-26,SC 13D/A,0001437749-20-013909,ex_191601.htm,"""non-binding indication of interest"" ""per share"""
807707,VOXX International Corp,VOXX,2020-11-02,SC 13D/A,0001214659-20-009074,p112205sc13da10.htm,"""non-binding indication of interest"" ""per share"""
1592560,"Tarena International, Inc.",TCTM,2020-12-11,SC 13D/A,0001104659-20-134494,tm2038296d1_sc13da.htm,"""non-binding proposal"" ""per share in cash"""
1018164,WILLIS LEASE FINANCE CORP,WLFC,2021-03-17,SC 13D/A,0001104659-21-037405,a21-9964_1sc13da.htm,"""non-binding indication of interest"" ""per share"""
1140859,AMERISOURCEBERGEN CORP,COR,2021-06-03,SC 13D/A,0001193125-21-181243,d403363dex9913.htm,"""non-binding indication of interest"" ""per share"""
1089907,SWK Holdings Corp,SWKH,2021-11-23,SC 13D/A,0001193125-21-338546,d263981dex9920.htm,"""non-binding indication of interest"" ""per share"""
58361,"LEE ENTERPRISES, Inc",LEE,2021-11-23,SC 13D/A,0001193125-21-337498,d239706dex992.htm,"""non-binding proposal"" ""per share in cash"""
1080014,"Innoviva, Inc.",INVA,2022-02-02,SC 13D/A,0000899140-22-000118,i50414071b.htm,"""preliminary non-binding proposal"" ""per share"""
863064,RIO TINTO PLC,RIO,2022-03-14,SC 13D/A,0001193125-22-074014,d294111dsc13da.htm,"""non-binding indication of interest"" ""per share"""
1738758,GLORY STAR NEW MEDIA GROUP HOLDINGS Ltd,CHR,2022-03-14,SC 13D/A,0001213900-22-011988,ea156811-sc13da2zhang_glory.htm,"""non-binding proposal"" ""per share in cash"""
1696355,Bright Scholar Education Holdings Ltd,BEDU,2022-05-03,SC 13D/A,0000950103-22-007675,dp172252_sc13da-3.htm,"""non-binding proposal"" ""per share in cash"""
33992,"KINGSTONE COMPANIES, INC.",KINS,2022-05-04,SC 13D/A,0001193125-22-140620,d337819dsc13da.htm,"""non-binding indication of interest"" ""per share"""
1770194,Morningside Venture (I) Investments Ltd,I,2022-06-27,SC 13D/A,0001104659-22-074808,tm2219496d1_sc13da.htm,"""preliminary non-binding proposal"" ""per share"""
1794846,Atlas Corp.,ATCOL,2022-08-05,SC 13D/A,0001193125-22-213659,d367831dex992.htm,"""non-binding proposal"" ""per share in cash"""
1425450,ORTHOPEDIATRICS CORP,KIDS,2022-08-17,SC 13D/A,0001193125-22-223309,d342795dsc13da.htm,"""non-binding indication of interest"" ""per share"""
1508475,"VNET Group, Inc.",VNET,2022-09-14,SC 13D/A,0001104659-22-099826,tm2225865d1_sc13da.htm,"""preliminary non-binding proposal"" ""per share"""
1788717,F45 Training Holdings Inc.,FXLV,2022-09-30,SC 13D/A,0001193125-22-254881,d514194dex991.htm,"""non-binding proposal"" ""per share in cash"""
1018164,WILLIS LEASE FINANCE CORP,WLFC,2022-11-17,SC 13D/A,0001140361-22-042107,brhc10044379_ex3.htm,"""non-binding indication of interest"" ""per share"""
1413855,FANHUA INC.,FANH,2022-12-23,SC 13D/A,0001213900-22-082629,ea170818-13da1sea_fanhua.htm,"""preliminary non-binding proposal"" ""per share"""
1356093,"CREATIVE REALITIES, INC.",CREX,2023-02-06,SC 13D/A,0001193125-23-025585,d460939dsc13da.htm,"""non-binding proposal"" ""per share in cash"""
1280058,BLACKBAUD INC,BLKB,2023-03-27,SC 13D/A,0001140361-23-013859,brhc10050242_ex99-3.htm,"""non-binding proposal"" ""per share in cash"""
913277,Clarus Corp,CLAR,2023-09-18,SC 13D/A,0001104659-23-101349,tm2326280d1_sc13da.htm,"""non-binding indication of interest"" ""per share"""
1481241,Performance Shipping Inc.,PSHG,2023-10-11,SC 13D/A,0001104659-23-108524,tm2328104d1_ex99-5.htm,"""non-binding proposal"" ""per share in cash"""
1816233,"Sharecare, Inc.",SHCR,2023-10-11,SC 13D/A,0001193125-23-253574,d533388dsc13da.htm,"""preliminary non-binding proposal"" ""per share"""
1610590,Check-Cap Ltd,CHEK,2023-10-30,SC 13D/A,0001213900-23-081422,ea187439-13da1symetryx_check.htm,"""non-binding proposal"" ""per share in cash"""
1517396,STRATASYS LTD.,SSYS,2023-12-26,SC 13D/A,0001213900-23-098350,ea190660-13da12nano_strat.htm,"""non-binding proposal"" ""per share in cash"""
1835512,Terran Orbital Corp,LLAP,2024-03-01,SC 13D/A,0000936468-24-000019,lmtschedule13da-terranorbi.htm,"""non-binding proposal"" ""per share in cash"""
1862068,"Rubicon Technologies, Inc.",RBTC,2024-03-14,SC 13D/A,0000950142-24-000699,eh240457659_13da4-rbt.htm,"""non-binding proposal"" ""per share in cash"""
1280058,BLACKBAUD INC,BLKB,2024-04-15,SC 13D/A,0001140361-24-019714,ef20026924_ex99-5.htm,"""non-binding indication of interest"" ""per share"""
1701051,"WideOpenWest, Inc.",WOW,2024-05-02,SC 13D/A,0000950103-24-006282,dp210808_cs13da5-wow.htm,"""preliminary non-binding proposal"" ""per share"""
1709505,BEST Inc.,BEST,2024-06-21,SC 13D/A,0001193125-24-166097,d850033dex995.htm,"""preliminary non-binding proposal"" ""per share"""
1830210,"Benson Hill, Inc.",BHIL,2024-06-27,SC 13D/A,0001493152-24-025376,ex99-2.htm,"""non-binding proposal"" ""per share in cash"""
1910851,R1 RCM Inc. /DE,RCM,2024-07-02,SC 13D/A,0001193125-24-174474,d819510dsc13da.htm,"""non-binding proposal"" ""per share in cash"""
30305,DUCOMMUN INC /DE/,DCO,2024-07-17,SC 13D/A,0001493152-24-028181,ex-3.htm,"""non-binding indication of interest"" ""per share"""
1634117,"Barnes & Noble Education, Inc.",BNED,2024-07-22,SC 13D/A,0001104659-24-081496,tm2419918d1_sc13da.htm,"""preliminary non-binding proposal"" ""per share"""
1804591,23andMe Holding Co.,ME,2024-07-31,SC 13D/A,0001341004-24-000136,ex99-1.htm,"""non-binding indication of interest"" ""per share"""
1962738,"CASI Pharmaceuticals, Inc.",CASI,2024-08-12,SC 13D/A,0001104659-24-088100,tm2421415d1_ex99-2.htm,"""preliminary non-binding proposal"" ""per share"""
807707,VOXX International Corp,VOXX,2024-08-27,SC 13D/A,0000355811-24-000041,sc13d-voxxx08262024.htm,"""preliminary non-binding proposal"" ""per share"""
1091667,"CHARTER COMMUNICATIONS, INC. /MO/",CHTR,2024-09-23,SC 13D/A,0001104659-24-102044,tm2424530d2_sc13da.htm,"""non-binding proposal"" ""per share in cash"""
1708176,Hall of Fame Resort & Entertainment Co,HOFV,2024-10-01,SC 13D/A,0001213900-24-084239,ea021622201ex99-1_hall.htm,"""preliminary non-binding proposal"" ""per share"""
1779474,"WM TECHNOLOGY, INC.",MAPS,2024-12-18,SCHEDULE 13D/A,0001104659-24-129589,tm2430599d1_ex99-1.htm,"""non-binding proposal"" ""per share in cash"""
813298,"DESTINATION XL GROUP, INC.",DXLG,2024-12-23,SCHEDULE 13D/A,0000921895-24-003007,primary_doc.xml,"""non-binding proposal"" ""per share in cash"""
1793862,Dada Nexus Ltd,DADA,2025-01-29,SCHEDULE 13D/A,0000950170-25-010201,primary_doc.xml,"""preliminary non-binding proposal"" ""per share"""
1422142,"Aadi Bioscience, Inc.",AADI,2025-02-04,SCHEDULE 13D/A,0001373604-25-000005,bmllettertoaadi.htm,"""non-binding indication of interest"" ""per share"""
34067,DMC Global Inc.,BOOM,2025-02-07,SCHEDULE 13D/A,0000921895-25-000284,primary_doc.xml,"""non-binding proposal"" ""per share in cash"""
1417892,Emeren Group Ltd,SOL,2025-03-17,SCHEDULE 13D/A,0001398344-25-005635,fp0092712-1_ex991.htm,"""preliminary non-binding proposal"" ""per share"""
912463,GUESS INC,GES,2025-03-17,SCHEDULE 13D/A,0001104659-25-024226,primary_doc.xml,"""non-binding proposal"" ""per share in cash"""
1178697,SONIM TECHNOLOGIES INC,SONM,2025-04-24,SCHEDULE 13D/A,0001213900-25-035092,ea023943601ex99-2_sonim.htm,"""non-binding indication of interest"" ""per share"""
1981792,Howard Hughes Holdings Inc.,HHH,2025-05-07,SCHEDULE 13D/A,0001140361-25-017784,ef20048474_ex99-32.htm,"""non-binding indication of interest"" ""per share"""
1954042,ZEEKR Intelligent Technology Holding Ltd,ZK,2025-05-07,SCHEDULE 13D/A,0001104659-25-045353,primary_doc.xml,"""preliminary non-binding proposal"" ""per share"""
1696355,Bright Scholar Education Holdings Ltd,BEDU,2025-05-28,SCHEDULE 13D/A,0001213900-25-048039,ea024353402ex99-2_bright.htm,"""preliminary non-binding proposal"" ""per share"""
1825155,TELUS International (Cda) Inc.,TIXT,2025-06-12,SCHEDULE 13D/A,0000947871-25-000604,ss4938877_ex10.htm,"""non-binding proposal"" ""per share in cash"""
1597553,"Sage Therapeutics, Inc.",SAGE,2025-07-21,SCHEDULE 13D/A,0000950157-25-000586,primary_doc.xml,"""non-binding proposal"" ""per share in cash"""
1871983,Anghami Inc,ANGH,2025-07-25,SCHEDULE 13D/A,0001104659-25-070856,tm2521677d1_ex13.htm,"""non-binding indication of interest"" ""per share"""
1829280,Forian Inc.,FORA,2025-08-25,SCHEDULE 13D/A,0000947871-25-000797,ss5247285_ex9901.htm,"""non-binding proposal"" ""per share in cash"""
1946399,"LakeShore Biopharma Co., Ltd.",LSB,2025-08-27,SCHEDULE 13D/A,0001213900-25-080942,primary_doc.xml,"""preliminary non-binding proposal"" ""per share"""
1274173,JANUS HENDERSON GROUP PLC,JHG,2025-10-27,SCHEDULE 13D/A,0001193125-25-250770,primary_doc.xml,"""non-binding proposal"" ""per share in cash"""
1820144,Grindr Inc.,GRND,2025-11-06,SCHEDULE 13D/A,0001193125-25-269467,ck0000000000-ex99_3.pdf,"""non-binding proposal"" ""per share in cash"""
1191070,Neuphoria Therapeutics Inc.,NEUP,2025-11-10,SCHEDULE 13D/A,0000905148-25-003859,primary_doc.xml,"""non-binding proposal"" ""per share in cash"""
1653558,"Priority Technology Holdings, Inc.",PRTH,2025-11-10,SCHEDULE 13D/A,0001213900-25-107859,ea026471901ex99-1_priority.htm,"""non-binding proposal"" ""per share in cash"""
1040130,PETMED EXPRESS INC,PETS,2025-12-11,SCHEDULE 13D/A,0001213900-25-120354,ea026919701ex99-2_silvercape.htm,"""preliminary non-binding proposal"" ""per share"""
1962738,"CASI Pharmaceuticals, Inc.",CASI,2026-01-09,SCHEDULE 13D/A,0001104659-26-002272,primary_doc.xml,"""non-binding proposal"" ""per share in cash"""
1320414,SELECT MEDICAL HOLDINGS CORP,SEM,2026-02-23,SCHEDULE 13D/A,0000950157-26-000173,ex99-3.htm,"""non-binding indication of interest"" ""per share"""
1824403,"Reservoir Media, Inc.",RSVR,2026-03-03,SCHEDULE 13D/A,0001140361-26-007681,primary_doc.xml,"""preliminary non-binding proposal"" ""per share"""
703604,"Distribution Solutions Group, Inc.",DSGR,2026-03-16,SCHEDULE 13D/A,0001193125-26-107215,ck0000000000-ex99_1.pdf,"""non-binding proposal"" ""per share in cash"""
1899830,Perfect Corp.,PERF,2026-03-20,SCHEDULE 13D/A,0001104659-26-032409,primary_doc.xml,"""preliminary non-binding proposal"" ""per share"""
1527599,"SYNLOGIC, INC.",SYBX,2026-04-06,SCHEDULE 13D/A,0000921895-26-000926,primary_doc.xml,"""non-binding proposal"" ""per share in cash"""
1726445,"Seer, Inc.",SEER,2026-04-13,SCHEDULE 13D/A,0000921895-26-000967,ex991to13da209076074_041326.htm,"""non-binding proposal"" ""per share in cash"""
40570,GEE Group Inc.,JOB,2026-05-06,SCHEDULE 13D/A,0001915673-26-000022,pressrelease05062026.htm,"""non-binding indication of interest"" ""per share"""
1720592,Repay Holdings Corp,RPAY,2026-05-18,SCHEDULE 13D/A,0001654954-26-005086,primary_doc.xml,"""non-binding proposal"" ""per share in cash"""
1065088,EBAY INC,EBAY,2026-06-05,SCHEDULE 13D/A,0001193125-26-260340,primary_doc.xml,"""non-binding proposal"" ""per share in cash"""
1019849,"PENSKE AUTOMOTIVE GROUP, INC.",PAG,2026-07-22,SCHEDULE 13D/A,0001193125-26-311337,ck0000000000-ex99_34.pdf,"""non-binding proposal"" ""per share in cash"""
