deal_id,dq,ticker,company,t0,flag,acq_ticker,consideration,cvr,offer_pre,p_pre,premium,stated_premium,runup_20d,accepted_et,accept_session,accepted_on_t0,news_before_open,adv_usd_60,year,exchange,cap_open,gap_open,cap_high0,cap_low0,vol_ratio0,hl_range0,cap_d0_close,ret_open_d0_close,cap_d1_close,ret_open_d1_close,ret_close_d1_close,cap_d2_close,ret_open_d2_close,ret_close_d2_close,cap_d5_close,ret_open_d5_close,ret_close_d5_close,cap_d10_close,ret_open_d10_close,ret_close_d10_close,cap_d20_close,ret_open_d20_close,ret_close_d20_close,ret_open_hedged_d0_close,ret_open_hedged_d1_close,ret_open_hedged_d2_close,ret_open_hedged_d5_close,ret_open_hedged_d10_close,ret_open_hedged_d20_close,leaked,cash_only,liq,prem_b,cap_b
1110803-2012-01-25,ok,ILMN,ILLUMINA INC,2012-01-25,ok,,cash,False,44.5,36.66342544555664,0.2137436548606262,0.64,0.2965256942466865,2012-01-25T08:57:08-05:00,pre,True,True,68202792.83522129,2012.0,Nasdaq,1.8545186196247796,0.3963915877656838,2.197120591770185,1.7750744653560244,14.80201153874292,0.0616500983221418,2.1673290947670534,0.0478814501758644,1.8570012038099395,0.0003800055957687,-0.0453309337350361,1.7378352157974133,-0.0178605610447322,-0.0627380236662871,1.7725918811708643,-0.0125404081930696,-0.0576609676207108,1.7949356256185165,-0.0091202833202505,-0.0543971204820433,1.688183045313003,-0.0254607474710069,-0.0699909304001539,,,,,,,True,True,high ADV,20-40%,>102%
855658-2016-11-30,ok,LSCC,LATTICE SEMICONDUCTOR CORP,2016-11-03,ok,,cash,False,8.3,6.369999885559082,0.3029827549630366,0.3,-0.0200000176062951,2016-11-03T08:02:00-04:00,pre,True,True,7147816.41960144,2016.0,Nasdaq,0.6528498208130066,0.1978022372870496,0.7098444581988758,0.5647668849510101,29.38075422626788,0.0370860564102764,0.6113990855993306,-0.0104849177596528,0.7150259236335204,0.0157273766394792,0.0264900402930545,0.77202080808526,0.0301441698065216,0.0410595940328535,0.6683937229851998,0.00393181291235,0.014569490582561,0.585492252557848,-0.0170380226069555,-0.0066225416518825,0.2953368589962463,-0.0904325094195648,-0.0807947176296735,,,,,,,False,True,mid ADV,20-40%,50-80%
104918-2017-09-14,ok,AVA,AVISTA CORP,2017-07-20,ok,,cash,False,53.0,43.33000183105469,0.2231709614656607,,-0.0158981823222609,2017-07-19T16:37:38-04:00,post,False,True,11118524.872779846,2017.0,NYSE,0.8004135811138129,0.1786290684673421,0.9400204818117408,0.7828336223614677,31.477246207701285,0.0290741522294819,0.925542775900892,0.0236929526474087,0.9265771231733236,0.0238888041510361,0.0001913186010713,0.9358842761857122,0.0256510942063659,0.0019128211773784,0.9462253819826332,0.0276091610698601,0.0038255693880897,0.9203722230024316,0.0227139192156617,-0.0009563741053556,0.8438470933342591,0.0082240451566939,-0.0151108859846209,,,,,,,False,True,mid ADV,20-40%,80-95%
1108426-2020-12-18,ok,TXNM,PNM RESOURCES INC,2020-10-21,ok,,cash,False,50.3,45.7400016784668,0.0996938818146115,0.193,0.1243854802195569,2020-10-21T06:08:40-04:00,pre,True,True,14972852.85949707,2020.0,NYSE,0.9035088702619316,0.0900743065303462,0.9451752511050502,0.8179826568405835,71.07485714285714,0.0116232063852067,0.9122810040889224,0.0008022646417504,0.9714908160292977,0.0062173597031482,0.0054107542046142,0.9407891841915548,0.0034095099651887,0.0026051552994552,0.8969301881700511,-0.0006016602272292,-0.0014027994525794,0.8903506695214449,-0.0012033969626257,-0.002004053822854,0.7214908578571336,-0.0166466470295704,-0.0174349242480651,,,,,,,True,True,mid ADV,5-20%,80-95%
1132105-2021-02-02,ok,SPWH,"SPORTSMAN'S WAREHOUSE HOLDINGS, INC.",2020-12-22,ok,,cash,True,18.0,12.649999618530272,0.4229249440950822,,-0.086642651977466,2020-12-21T17:15:30-05:00,post,False,True,13521574.193572998,2020.0,Nasdaq,0.8728971482822633,0.3691699776380328,0.9495326283155332,0.7981308697758706,16.975640620056943,0.0458663348211228,0.9364485741411316,0.0196304941442633,0.9803739187383976,0.033198658953284,0.0133069429434904,0.9850467442987214,0.0346420549677621,0.0147225498940157,0.9504674073358406,0.023960792311755,0.0042469288554634,0.9570094344230412,0.0259815687568358,0.0062288001869763,0.9327101710873776,0.018475733283058,-0.0011325287619752,,,,,,,False,False,mid ADV,40-70%,80-95%
1325702-2021-04-19,ok,MX,MAGNACHIP SEMICONDUCTOR Corp,2021-03-26,ok,,cash,False,29.0,20.40999984741211,0.4208721321316944,,0.1282476326840897,2021-03-29T12:32:59-04:00,regular,False,False,12813809.601593018,2021.0,NYSE,0.7147845495437685,0.3008328973812786,0.7322468921764069,0.5634458750422436,18.33310826018456,0.0557478181537789,0.6519208710121649,-0.0203389462785723,0.6251456046383875,-0.0290018294742628,-0.0088427351100495,0.5448195834741455,-0.0549905509012096,-0.0353710137715557,0.7625144494423837,0.0154425559018396,0.0365243693668226,0.5681025589557233,-0.0474575652632938,-0.0276816342567731,0.6030268001351797,-0.0361581586462953,-0.0161476383159571,,,,,,,False,True,mid ADV,40-70%,50-80%
84748-2021-12-01,ok,ROG,ROGERS CORP,2021-11-02,ok,,cash,False,277.0,208.22999572753903,0.3302598361594544,,0.1208418403259456,2021-11-02T09:11:38-04:00,pre,True,True,10796626.64413452,2021.0,NYSE,0.92613078003981,0.3058637996781752,0.9274394369003516,0.8749453894252627,68.00374181478017,0.013375383292988,0.896757224626801,-0.0074287269472603,0.8953030135274471,-0.0077965045972205,-0.0003705302177738,0.8889048397006286,-0.0094146364730606,-0.0020007727200208,0.8916677076605241,-0.0087158926071305,-0.0012967992272348,0.898793208918481,-0.0069138157913195,0.0005187649188729,0.912752659193847,-0.0033833972576603,0.0040756062556175,,,,,,,False,True,mid ADV,20-40%,80-95%
36966-2022-04-12,ok,FHN,FIRST HORIZON CORP,2022-02-28,ok,,cash,False,25.0,18.25,0.36986301369863,,0.066004620640965,2022-02-28T12:05:48-05:00,regular,True,False,79083864.33506012,2022.0,NYSE,0.8740740175600406,0.3232876503304258,0.8874073734989872,0.7525925812897859,21.847821326910445,0.0387563826726308,0.7748147469979746,-0.0277432748189302,0.7688889680085359,-0.0293995484756809,-0.0017035353048776,0.82666665536386,-0.0132505051709683,0.0149063197739904,0.7703704833984375,-0.028985460316683,-0.0012776311704313,0.748148035120081,-0.0351967037224101,-0.0076661119542184,0.7659259372287326,-0.0302277247936766,-0.0025553435737702,,,,,,,False,True,high ADV,20-40%,80-95%
1530721-2023-09-08,ok,CPRI,Capri Holdings Ltd,2023-08-10,ok,,cash,False,57.0,34.61000061035156,0.646922825622597,0.59,-0.0478678937224247,2023-08-10T09:20:28-04:00,pre,True,True,77787294.50016022,2023.0,NYSE,0.8883430072286727,0.574689368358448,0.8892362836158493,0.8503796978364413,23.501455311294634,0.0161409815817362,0.861545397113574,-0.0110091463141485,0.8276015759010625,-0.0249541396394782,-0.0141002247628058,0.7882982667405413,-0.0411009482287485,-0.0304267747294643,0.7601608272322028,-0.0526605308602708,-0.0421150351298929,0.7708798031282222,-0.0482569003323896,-0.0376623847221874,0.8115229416819834,-0.0315596554257454,-0.0207792711479661,,,,,,,False,True,high ADV,40-70%,80-95%
1282648-2024-01-12,ok,BATL,BATTALION OIL CORP,2023-12-15,ok,,cash,False,9.8,5.275000095367432,0.8578198716254959,,-0.1436687944751292,2023-12-15T17:43:24-05:00,post,True,False,88648.99966716766,2023.0,NYSE,0.9491712022048192,0.8142179188259555,0.9732596460260136,0.9491712022048192,64.92592592592592,0.0113660275557178,0.9535911929639782,0.002089912058669,0.9491712022048192,0.0,-0.0020855534353954,0.9513811975843988,0.0010449560293344,-0.0010427767176977,0.9624309637255368,0.006269636523515,0.0041710074261294,0.9602209683459574,0.0052246804941806,0.0031282307084319,0.9602209683459574,0.0052246804941806,0.0031282307084319,,,,,,,False,True,low ADV,70%+,80-95%
752714-2024-06-10,ok,MGRC,MCGRATH RENTCORP,2024-01-29,ok,WSC,stock,False,127.28802898674012,111.75,0.1390427649820145,0.1009999999999999,-0.0686723727849782,2024-01-29T06:07:54-05:00,pre,True,True,9356272.485733032,2024.0,Nasdaq,1.038100581652432,0.0782997762863535,0.7264016089771747,0.5188582921265533,28.290869327501365,0.0282828282828282,0.7115770863449875,0.0269709543568463,0.6301496516762667,0.0492116207898405,0.0216565681226326,0.6409066616617823,0.0427386018745137,0.0153535476838699,0.5876858705021661,0.0579253390616896,0.0301414412681502,0.5447114536224202,0.0797510424095564,0.0513939443260731,0.5524739097769984,0.027468859407417,0.000484828756313,-0.0430298235279891,-0.0741676181429154,-0.0672960217962621,-0.0942501796105095,-0.1300171250497653,-0.0837363273145746,False,False,mid ADV,5-20%,>102%
1004989-2024-09-13,ok,SGRP,"SPAR Group, Inc.",2024-09-03,ok,,cash,True,2.5,1.4500000476837158,0.7241378743356548,0.72,-0.2119565101196051,2024-09-03T08:05:10-04:00,pre,True,True,272440.012049675,2024.0,OTC,0.9047619912629804,0.655172425132869,0.9238095930103843,0.8857143895155766,30.13429256594724,0.0166666501098215,0.9047619912629804,0.0,0.8952381903892785,-0.0041666625274553,-0.0041666625274553,0.9047619912629804,0.0,0.0,0.9047619912629804,0.0,0.0,0.9047619912629804,0.0,0.0,0.9238095930103843,0.0083333250549106,0.0083333250549106,,,,,,,False,False,low ADV,70%+,80-95%
1176334-2024-10-25,ok,MMLP,MARTIN MIDSTREAM PARTNERS L.P.,2024-10-04,ok,,cash,False,4.02,3.5999999046325684,0.1166666962482316,0.34,0.0,2024-10-03T16:10:49-04:00,post,False,True,177230.00228405,2024.0,Nasdaq,0.8095239890134935,0.094444489331894,0.9047619718002212,0.7857144933168116,11.191402251791198,0.0126262504632906,0.8571429804068573,0.0050761372172727,0.928571467496903,0.0126903430431819,0.0075757502779743,0.928571467496903,0.0126903430431819,0.0075757502779743,0.928571467496903,0.0126903430431819,0.0075757502779743,0.928571467496903,0.0126903430431819,0.0075757502779743,0.9047619718002212,0.0101522744345454,0.0050505001853162,,,,,,,True,True,low ADV,5-20%,80-95%
1829864-2025-07-01,ok,TASK,"TaskUs, Inc.",2025-05-09,ok,,cash,False,16.5,14.380000114440918,0.1474269727877193,0.26,0.0993883943667885,2025-05-09T08:48:20-04:00,pre,True,True,3766106.9791316986,2025.0,Nasdaq,0.9150941910884528,0.1349095664077972,1.259433616391683,0.8962267333818867,27.716908389939416,0.0456972423135266,1.1650945284732528,0.0324755328772214,1.1792448968299774,0.0343136934077261,0.0017803429446723,1.1273587133673206,0.0275735766761175,-0.004747769845396,1.0471699938056152,0.0171569051397904,-0.014836794916333,1.1179245346676376,0.0263480584078781,-0.0059347406056856,1.084905808911547,0.022058861340894,-0.010089025070937,,,,,,,True,True,low ADV,5-20%,80-95%
1108426-2025-07-11,ok,TXNM,TXNM ENERGY INC,2025-05-19,ok,,cash,False,61.25,52.880001068115234,0.1582828812938805,0.23,-0.0097378360094553,2025-05-19T10:41:46-04:00,regular,True,False,50008876.47857666,2025.0,NYSE,0.5221026869236081,0.0826399176175456,0.5268817694363864,0.4169651504344517,9.297054263565892,0.0162630720983856,0.4408601072399499,-0.0118777345882232,0.4205496901982321,-0.0148471349191456,-0.0030050940403463,0.4086019839162862,-0.0165938997893354,-0.0047728559169212,0.4802868543327811,-0.0061135104649973,0.0058335130428661,0.4420551057473412,-0.011703024785071,0.0001768099042678,0.4086019839162862,-0.0165938997893354,-0.0047728559169212,,,,,,,False,True,high ADV,5-20%,50-80%
1683695-2025-10-21,ok,IMXI,"International Money Express, Inc.",2025-08-11,ok,,cash,False,16.0,9.279999732971191,0.7241379806459602,0.5,-0.0990291688228501,2025-08-11T06:02:18-04:00,pre,True,True,3146289.006137848,2025.0,Nasdaq,0.8831845511578841,0.6395474774131789,0.8913691200552449,0.8348214862247285,34.833162743091094,0.0255033640382335,0.8363094735476726,-0.0207032882614883,0.8154762318683033,-0.0299046939955938,-0.0093959324317248,0.8035714817898593,-0.0351626580379043,-0.0147650549655646,0.7678570896387121,-0.050936612844711,-0.0308724865720733,0.7693452188774714,-0.0502793516694534,-0.0302013302540959,0.7767857231554527,-0.0469931084730405,-0.0268456126691988,,,,,,,False,True,low ADV,70%+,80-95%
1685040-2025-12-23,ok,BHF,"Brighthouse Financial, Inc.",2025-11-06,ok,,cash,False,70.0,51.79999923706055,0.3513513712548122,0.37,0.0650766120028021,2025-11-06T08:00:54-05:00,pre,True,True,35099033.37802887,2025.0,Nasdaq,0.758241684536706,0.2664092556045305,0.7802197894329117,0.7505494107026567,18.82742380407724,0.0082191923989395,0.7637361059613864,0.0015243670190105,0.780769357334625,0.0062500559702165,0.0047184962311719,0.7752749359099447,0.0047256889512059,0.0031964493701974,0.7686813786818377,0.0028963787473441,0.0013699234621891,0.7543955476196814,-0.0010670685434822,-0.0025874912761295,0.7445054213762631,-0.0038109756984007,-0.005327222075776,,,,,,,False,True,high ADV,20-40%,50-80%
320017-2026-01-21,ok,LSTA,"LISATA THERAPEUTICS, INC.",2026-01-21,ok,,cash,True,4.0,2.1600000858306885,0.8518517782658737,0.85,0.0746269134722037,2026-01-21T08:58:41-05:00,pre,True,True,70114.99857902527,2026.0,Nasdaq,0.9945652223208002,0.8472221532353676,1.0923913501217166,0.9891304446416004,144.87591240875912,0.0471464137292178,1.01630446261292,0.0100251128260651,1.0326086660751983,0.0175438428760619,0.0074441020866888,1.059782684046518,0.0300752189701356,0.0198510966603298,1.315217364544227,0.1478696523205807,0.1364763487007017,1.3858696039491447,0.1804511345587252,0.1687344399346722,1.2826086984690288,0.1328320727125276,0.1215880262054542,,,,,,,False,False,low ADV,70%+,95-102%
69733-2026-03-06,ok,NATH,"NATHANS FAMOUS, INC.",2026-01-21,ok,,cash,True,102.0,92.7300033569336,0.0999676081902489,,-0.0549327276678678,2026-01-21T07:01:27-05:00,pre,True,True,3466910.9451293945,2026.0,Nasdaq,0.9018334421091704,0.090154132193633,0.9924487896253366,0.848974969486526,14.797814207650273,0.0131957715941422,0.8694714646549858,-0.0029676074115242,0.8673135056792509,-0.0031654931884123,-0.0001984747720927,0.8651563697237203,-0.0033633034939896,-0.0003968738482388,0.9147787269029668,0.0011870882473961,0.0041670618625881,0.9503776428207537,0.0044515243242524,0.0074412143385986,0.8975191701981092,-0.0003956206111546,0.0025796421655792,,,,,,,False,False,low ADV,5-20%,80-95%
1679688-2026-03-06,ok,DBRG,"DigitalBridge Group, Inc.",2025-12-29,ok,,cash,False,16.0,13.920000076293944,0.1494252810564518,0.15,0.4621848116553422,2025-12-29T08:36:15-05:00,pre,True,True,36463663.0961895,2025.0,NYSE,0.6514421115083735,0.0973419206041472,0.6730767643663247,0.6394230636971937,28.27778501204505,0.0045871358960882,0.6442308662205793,-0.0009819567936513,0.6538460127700664,0.000327339742441,0.0013105834724369,0.682692369413096,0.0042553542180625,0.0052424588798263,0.692307515962583,0.0055646507541551,0.0065530423522632,0.6875001719364816,0.0049100337029448,0.0058977818635645,0.7019231210093543,0.0068740097239194,0.0078636883197396,,,,,,,False,True,high ADV,5-20%,50-80%
1038074-2026-03-13,ok,SLAB,SILICON LABORATORIES INC.,2026-02-04,ok,,cash,False,231.0,136.6199951171875,0.6908213164687707,,-0.0094975540357856,2026-02-04T07:05:45-05:00,pre,True,True,38719958.88748169,2026.0,Nasdaq,0.7270608902932248,0.5022691613853221,0.7510065820702286,0.6895528550974506,29.00274819649605,0.0285138535339312,0.7076711706876058,-0.0089163992500265,0.7268489357326611,-9.746770573737518e-05,0.008898272090887,0.7404111174774723,0.0061391272320829,0.0151909752827275,0.7467684609027098,0.0090625636355945,0.0181407127229387,0.7222928018873171,-0.0021926144756716,0.006784276088583,0.7059758575510146,-0.009695992203773,-0.0007866066527149,,,,,,,False,True,high ADV,40-70%,50-80%
1334978-2026-04-02,ok,CCO,"Clear Channel Outdoor Holdings, Inc.",2026-02-10,ok,,cash,False,2.43,2.190000057220459,0.1095890121044784,0.71,0.0631068534232626,2026-02-09T17:30:57-05:00,post,False,True,4119193.020606041,2026.0,NYSE,0.7499994635580686,0.0821917002902175,0.7916670938333888,0.7083328266937314,31.511873867698185,0.0084746695907292,0.7083328266937314,-0.0042194054625018,0.7499994635580686,0.0,0.0042372842829514,0.7916670938333888,0.0042195060610632,0.0084746695907291,0.833333730697726,0.0084389115235652,0.0127119538736808,0.8750003675620631,0.012658316986067,0.0169492381566322,0.7083328266937314,-0.0042194054625018,0.0,,,,,,,True,True,mid ADV,5-20%,50-80%
314808-2026-05-19,ok,VAL,Valaris Ltd,2026-02-09,ok,RIG,stock,False,82.11664796590804,62.40999984741211,0.3157610666027439,,0.1709193384756597,2026-02-09T09:00:19-05:00,pre,True,True,52159891.37058258,2026.0,NYSE,0.6835431387789109,0.1874699694206874,0.8933421302169633,0.4751471570217844,16.818728385208832,0.1226438373433468,0.8709677753437348,0.131021441161834,0.8500907174179896,0.0769126555295969,-0.047840636492845,0.896896489126816,0.1930913161616538,0.0548794856939749,0.8527956226885054,0.2003777945192308,0.0613218731610878,0.9001554979684843,0.2942922328831741,0.1443569377019247,0.9122833318077322,0.2291188178072598,0.086733436763724,0.030290720393811,0.031686585625669,0.0327444925405194,0.0112508069749817,0.0229361075338495,0.0358803782739943,True,False,high ADV,20-40%,50-80%
1821825-2026-06-01,ok,OGN,Organon & Co.,2026-04-27,ok,,cash,False,14.0,11.260000228881836,0.2433392287231115,1.03,0.8611570039494727,2026-04-27T06:06:01-04:00,pre,True,True,30643069.375109676,2026.0,NYSE,0.7135036813920026,0.1736234355210306,0.7226276305228712,0.6897808567615863,33.150699183769525,0.0068389174491965,0.6934305756364733,-0.004161960237663,0.7518246854092691,0.007945481727124,0.012158043257392,0.759124123159043,0.0094589480557456,0.013677834898393,0.7299270682726451,0.0034052270733522,0.0075988132696971,0.755474404284156,0.0087022148914348,0.0129179390778926,0.7846714591705539,0.0147559358738282,0.0189969607065885,,,,,,,True,True,high ADV,20-40%,50-80%
733269-2026-06-24,ok,RAMP,"LiveRamp Holdings, Inc.",2026-05-18,ok,,cash,False,38.5,29.65999984741211,0.2980445110608858,0.3,0.0305767595472969,2026-05-18T06:04:40-04:00,pre,True,True,18532007.61127472,2026.0,NYSE,0.9208143946994696,0.2744436760460289,0.9332579024430028,0.9117648454939752,19.688237504697483,0.005030411024788,0.9174208676882633,-0.0007936185159354,0.9072398551278118,-0.0031745749816607,-0.0023828475376518,0.9128958773221,-0.0018518438157952,-0.0010590657940837,0.90497735994473,-0.0037036876315906,-0.0029123804346936,0.8959278107392357,-0.0058200373133914,-0.005030411024788,0.899321337750442,-0.005026418797456,-0.0042361621782618,,,,,,,False,True,mid ADV,20-40%,80-95%
1023459-2026-07-09,ok,SLP,"Simulations Plus, Inc.",2026-06-16,ok,,cash,False,18.5,16.3700008392334,0.1301160080371961,0.26,0.227136480658713,2026-06-16T09:00:11-04:00,pre,True,True,3548689.478588104,2026.0,Nasdaq,0.859155232271277,0.1117898491074087,1.0328637194387558,0.8262906173633268,8.796925566343042,0.0241228365997201,0.8779341167494826,0.0021977476099979,0.8826290617363327,0.0027472107123402,0.000548258169261,0.8779341167494826,0.0021977476099979,0.0,0.8450703973107269,-0.0016483893070267,-0.003837702615274,0.9295776161356384,0.0082417369363916,0.0060307352923183,0.8732391717626327,0.0016482845076557,-0.000548258169261,,,,,,,True,True,low ADV,5-20%,80-95%
356171-2026-07-23,ok,TCBK,TRICO BANCSHARES /,2026-07-13,ok,FHB,stock,False,63.12234824180604,53.63999938964844,0.1767775719622308,,0.0254253102932722,2026-07-13T07:12:16-04:00,pre,True,True,6212293.981552124,2026.0,Nasdaq,0.4839260491455097,0.0462341456087884,0.915189637426954,0.334759629870266,26.13860578883001,0.0715831406510069,0.8679455320726918,0.0703849044568538,0.8433450383314056,0.0479330451283726,-0.0209755007147397,0.8784373797643412,0.0589807811170579,-0.0106542266172773,0.9030004458727112,0.0655737771777642,-0.0044947637612013,0.8580688279932661,0.0258375051770649,-0.0416181124138644,0.9339236734023684,0.0138988347975712,-0.0527717360587642,0.0296944133104931,0.0300142451280191,0.0328492482184542,0.0353358422286859,0.0355434298737703,0.0430167512930852,False,False,mid ADV,5-20%,25-50%
1739445-2026-07-24,ok,ACA,"Arcosa, Inc.",2026-06-22,ok,,cash,False,150.0,135.83999633789062,0.1042403124547173,0.25,0.129740508576819,2026-06-22T07:21:11-04:00,pre,True,True,31220483.64219665,2026.0,NYSE,0.6468927466890807,0.0674323020395599,0.7824858026487355,0.5734469121434498,16.927051671732524,0.0204278231867471,0.6398301705837347,-0.0006896972656249,0.6412429013243677,-0.0005517367658943,0.0001380557163805,0.6002823306285628,-0.0045517493938577,-0.0038647176134031,0.6200562506061488,-0.0026207233297413,-0.0019323588067016,0.6292373840235347,-0.0017241379310344,-0.0010351546087126,0.6221748079181888,-0.0024138351966594,-0.001725327884959,,,,,,,True,True,high ADV,5-20%,50-80%
715957-2026-07-28,ok,D,"DOMINION ENERGY, INC",2026-05-18,ok,NEE,stock,False,75.9763684967041,61.72999954223633,0.2307851783591907,,-0.0110541276345673,2026-05-18T08:08:12-04:00,pre,True,True,281848191.99256897,2026.0,NYSE,0.5562058053401264,0.1119390879419044,0.6746965046744594,0.4398570460800029,8.872351489804274,0.0373002422073117,0.543298117677836,-0.0157342925503808,0.5535934413741999,-0.0074301011183776,0.0084369407256101,0.5938173341368211,-0.0132575180770191,0.0025163677395398,0.5781507145090434,-0.0198135288817712,-0.0041444462613254,0.5927680886640676,-0.03161419271913,-0.0161337533641159,0.8017549438756036,-0.0020396181656952,0.0139135949581852,0.0089263354386045,0.005137384744901,0.0205323273143663,0.0213270162598138,0.0328828064968118,0.0559365114771037,False,False,high ADV,20-40%,50-80%
1845815-2026-07-31,ok,PAYO,Payoneer Global Inc.,2026-06-15,ok,,cash,False,7.4,6.75,0.0962962962962963,,0.3860369935563339,2026-06-15T08:10:48-04:00,pre,True,True,16953348.265504837,2026.0,Nasdaq,0.4230770697960484,0.0407407548692491,0.4615387549767125,0.3615386669452372,22.814920132894223,0.0092460960569773,0.4307695535513068,0.0007117600531016,0.41538458604079,-0.0007117600531016,-0.0014225076221027,0.41538458604079,-0.0007117600531016,-0.0014225076221027,0.4769229888916013,0.0049821846173625,0.0042673872085146,0.5692305931678182,0.0135231016230585,0.0128022294544407,0.5538463592529294,0.0120996493940299,0.0113797896612346,,,,,,,True,True,mid ADV,5-20%,25-50%
1418819-2026-08-06,ok,IRDM,Iridium Communications Inc.,2026-06-29,ok,,cash,False,54.0,43.52000045776367,0.2408088104780055,,-0.1509948910887523,2026-06-29T07:09:00-04:00,pre,True,True,105954888.26637268,2026.0,Nasdaq,0.7862593724895524,0.1893381842163921,1.1116410515315391,0.7423663281608026,5.091566783333008,0.0708920850168069,1.0562977269426477,0.0546754621875122,1.081106728172596,0.059698613848339,0.0047627463053026,1.1641222610527036,0.0765070136704868,0.0206997813694211,0.7223282467060925,-0.012944323621946,-0.0641143064703596,0.5095420215494005,-0.0560277783080063,-0.1049642704931315,0.183205940153658,-0.1221020073371017,-0.1676131434384167,,,,,,,False,True,high ADV,20-40%,50-80%
1571776-2026-08-10,ok,CHMI,Cherry Hill Mortgage Investment Corp,2026-08-10,ok,MITT,mixed,False,3.101667046737671,2.4100000858306885,0.2869987287442672,0.29,0.0478261459977968,2026-08-10T06:46:05-04:00,pre,True,True,420601.4931678772,2026.0,NYSE,0.707183754114435,0.1535269180007306,0.8556081728927011,0.1974479191924253,28.24758220502901,0.1075268660996805,0.8336695152046538,0.0035971189086947,0.8599947175514054,0.0467626315751106,0.0430107977126856,0.838853113507938,0.0395683937577213,0.0358423456696861,0.8680482787429264,0.0503597504838053,0.0465950237341852,0.8943944734472666,0.0539568693925001,0.0501792497556849,0.9384729753600822,0.0683453450272788,0.0645161538416838,0.0278366643868247,0.0258284523932551,0.0219396334099904,0.0272219762584835,0.0330226902106446,0.0419021519678324,False,False,low ADV,20-40%,50-80%
817720-2026-08-12,ok,SYNA,SYNAPTICS Inc,2026-06-26,ok,ON,stock,False,160.29899711608888,125.62000274658205,0.2760626780073083,0.19,-0.1131036198256097,2026-06-25T16:59:15-04:00,post,False,True,83398404.20150757,2026.0,Nasdaq,0.0848474301482467,0.0047762972536427,-1.3477260820885066,1.622205403963124,10.014966163456531,0.0795868172133264,1.4248270680743065,-0.0413563711790466,1.3618711167010538,-0.0700364750577674,-0.0299173780709258,-0.6918867271410853,-0.0157661055658675,0.0266942426192859,-0.6375778032455003,-0.0159245929075524,0.0265289180534931,1.7870467997784452,-0.0560133071339613,-0.0152892435877776,1.6986709770292074,-0.077642235437963,-0.0378512548021048,0.0403580883065839,0.0339248743404521,0.0243424346895545,0.0225795894174459,0.0286959103012419,0.0212921638587448,False,False,high ADV,20-40%,<25%
1997350-2026-08-13,ok,ARX,Accelerant Holdings,2026-08-13,ok,,cash,False,20.25,13.609999656677246,0.4878765988847826,0.49,0.073343795671823,2026-08-13T07:57:39-04:00,pre,True,True,21737503.93486023,2026.0,NYSE,0.9036145547353732,0.4408523956670811,0.9051206132240438,0.8795181934192167,46.48062066907596,0.0087134840748122,0.8885542570999541,-0.0050994583558013,0.899096379269362,-0.0015298666859638,0.0035878879550494,0.8930724325659655,-0.0035695916698375,0.0015377081647132,0.8975903207806916,-0.0020398222479518,0.0030753185668117,0.9156627353934516,0.0040795472318253,0.0092260534630499,0.938253038220938,0.0117286861334884,0.0169143987613866,,,,,,,False,True,mid ADV,40-70%,80-95%
842717-2026-08-17,ok,BRBS,"BLUE RIDGE BANKSHARES, INC.",2026-08-17,ok,HTB,stock,False,4.298279960632324,3.690000057220459,0.1648454997233956,,0.0664739932189897,2026-08-17T08:32:23-04:00,pre,True,True,777892.5033211708,2026.0,NYSE,0.3638675837081749,0.0433603915802189,0.8555138749998951,0.3265207984508192,29.387237762237763,0.0556500554084777,0.7366920942724021,0.0389610646968956,0.674729957634999,0.0285714639582315,-0.0099999904632568,0.6932893251459562,0.0233766635888994,-0.0149999856948852,0.6902502264709031,0.0207792634042334,-0.0174999833106994,0.6911537629096243,0.0129870628502353,-0.024999976158142,0.7573611542056283,0.0415585268084668,0.0025000572204589,0.0438753778005668,0.0388467684373426,0.0439273577585432,0.0446805558806717,0.0482806111194712,0.0460260764289477,False,False,low ADV,5-20%,25-50%
1739566-2026-08-24,ok,UTZ,"Utz Brands, Inc.",2026-07-21,ok,,cash,False,14.25,7.449999809265137,0.9127517268226092,0.91,0.0567375330082904,2026-07-21T08:16:19-04:00,pre,True,True,12956907.02791214,2026.0,NYSE,0.9749999894815335,0.8899329240512956,0.9838235803541412,0.9705882641683392,36.07626327459447,0.0064011486416686,0.972058886021477,-0.0014204193322248,0.972058886021477,-0.0014204193322248,0.0,0.9764706113346714,0.000710243532388,0.0021336936042573,0.9749999894815335,0.0,0.0014224397932058,0.979411714794728,0.0021306628646127,0.0035561333974631,0.986764683814198,0.0056818127940017,0.0071123346238233,,,,,,,False,True,mid ADV,70%+,95-102%
842023-2026-08-25,ok,TECH,BIO-TECHNE Corp,2026-06-25,ok,,cash,False,73.0,58.880001068115234,0.2398097601178721,0.36,0.227433803831206,2026-06-25T08:21:30-04:00,pre,True,True,122069621.68197632,2026.0,Nasdaq,0.8038245855096066,0.1927649810279066,0.8526910773089524,0.7932012471791635,22.489603271271967,0.0118811368337903,0.8371102531343603,0.0066922051665001,0.8583569297952464,0.0109639271858354,0.004243324819058,0.8512748843500952,0.0095400560575249,0.0028289191834496,0.8463173985059461,0.0085433354042672,0.0018388244473004,0.8796036064561324,0.015235649205171,0.0084866496381164,0.900849742791586,0.0195072625901027,0.0127298665449415,,,,,,,False,True,high ADV,20-40%,80-95%
944148-2026-08-27,ok,CBZ,"CBIZ, Inc.",2026-07-29,ok,,cash,True,55.0,46.70000076293945,0.177730173478869,0.54,0.4444787540371129,2026-07-29T08:12:38-04:00,pre,True,True,22174226.387786865,2026.0,NYSE,0.9457830356260584,0.1680941829951907,1.0144577039656768,0.9216865559485152,25.58868351565447,0.0140255088590609,0.9879519899622896,0.0064161740369113,1.0301204846963985,0.0128322781435326,0.006375199715725,1.0096387757118663,0.0097159047003994,0.0032786939922202,0.9759035203224568,0.0045829514848123,-0.0018215352648254,0.9493978063190696,0.0005500017307746,-0.0058287738785103,0.9686748981406796,0.0034830878838429,-0.0029143869392551,,,,,,,True,False,mid ADV,5-20%,80-95%
2002473-2026-08-28,ok,BOW,Bowhead Specialty Holdings Inc.,2026-08-03,ok,,cash,False,34.0,30.59000015258789,0.1114743324747458,0.11,-0.0282718997010891,2026-08-03T12:03:12-04:00,regular,True,False,4885507.918643951,2026.0,NYSE,0.9545458104889636,0.1064073570408226,1.3137829157488832,0.8533724274564246,7.837930054023316,0.0466013582315656,0.9090905022983272,-0.0045797780589035,0.8475071903131296,-0.0107845077648726,-0.006233276729972,0.8885627316365947,-0.0066480212942265,-0.0020777589099907,0.8416419531698346,-0.0113754505050795,-0.0068269383084506,0.8387098939379871,-0.0116708655197816,-0.0071237124830056,0.8592376645997196,-0.0096026222844586,-0.0050459535730149,,,,,,,False,True,mid ADV,5-20%,95-102%
1666138-2026-08-28,ok,ATKR,Atkore Inc.,2026-08-03,ok,,cash,False,95.0,72.95999908447266,0.3020833496723261,0.3,0.0541829222598748,2026-08-03T06:04:52-04:00,pre,True,True,27585702.952575684,2026.0,NYSE,0.9274047909410984,0.2801535457496502,0.9364790622629876,0.9228676552801536,24.70645656114907,0.0032067922242322,0.9342106675131464,0.0016060120281404,0.9333030326842002,0.0013918335256337,-0.0002138350807948,0.9401089092562483,0.0029978455537744,0.0013896018084151,0.9432849388350358,0.003747306942218,0.0021378614828215,0.9414700153384056,0.0033190316223694,0.0017102728754196,0.9405627266707214,0.0031049348050278,0.0014965193488125,,,,,,,False,True,high ADV,20-40%,80-95%
1500435-2026-09-01,ok,GPRO,"GoPro, Inc.",2026-09-01,ok,,cash,False,1.14,0.8759999871253967,0.3013698821399782,,0.1556727815159553,2026-09-01T16:17:39-04:00,post,True,False,3738018.001556397,2026.0,Nasdaq,1.7954545969723323,0.5410959402772337,2.893939247390792,1.075757445628985,94.36329178374098,0.3902439118944507,1.3409091465318803,-0.0888888908511816,3.0833334484786654,0.2518518721288774,0.3739837650518687,1.9469695966023768,0.0296296008493353,0.1300812716587769,2.041666471371155,0.0481481013801698,0.1504064552120045,1.4924241461619254,-0.0592592900018463,0.0325202936851642,1.5681816459769478,-0.0444444895771788,0.0487804405277463,,,,,,,True,True,low ADV,20-40%,>102%
703604-2026-09-01,ok,DSGR,"Distribution Solutions Group, Inc.",2026-07-16,ok,,cash,False,35.0,27.479999542236328,0.2736535874465917,0.81,-0.0100864799833175,2026-07-16T21:27:47-04:00,overnight,True,False,1870016.9842720032,2026.0,Nasdaq,0.9614360508146051,0.2631004244059005,0.977393861888691,0.91888290249746,34.3495994173343,0.0127796235116531,0.9242021728554884,-0.0080668045716582,0.9335106423452676,-0.0060501034287436,0.0020331017776289,0.9335106423452676,-0.0060501034287436,0.0020331017776289,0.9335106423452676,-0.0060501034287436,0.0020331017776289,0.9414895478823104,-0.0043214553482584,0.0037758079280554,0.9813830610204416,0.0043215652502281,0.0124891170887135,,,,,,,True,True,low ADV,20-40%,95-102%
1172052-2026-09-03,ok,SAFT,SAFETY INSURANCE GROUP INC,2026-07-24,ok,,cash,False,105.0,72.94000244140625,0.4395392992253875,,-0.0085632357758768,2026-07-23T17:07:20-04:00,post,False,True,7122900.301361084,2026.0,Nasdaq,0.9379289452492142,0.4122566313180464,0.9507173439995736,0.933562151727394,16.87647360328037,0.0053294131649937,0.9438551719017422,0.0018444307161595,0.937616963434113,-9.709868967133772e-05,-0.0019379549821352,0.9385526709070175,0.0001941233147433,-0.0016472691276393,0.9497816365266692,0.0036889354969182,0.0018411089827992,0.9532127225755848,0.0047567988895049,0.0029070064014466,0.9560198449942982,0.0056304649027492,0.0037790639649344,,,,,,,False,True,mid ADV,40-70%,80-95%
714256-2026-09-04,ok,SMTI,Sanara MedTech Inc.,2026-07-29,ok,,cash,True,33.0,26.63999938964844,0.2387387671195999,,0.0838079524953792,2026-07-29T16:07:48-04:00,post,True,False,1039723.9849090576,2026.0,Nasdaq,0.0125786031491642,0.0030030002079182,0.6650945037175301,-0.0031444258641248,8.179514255543822,0.140495867768595,0.5676101043883409,0.1321108075358832,1.16666686659837,0.2747006829550342,0.1259504586211906,1.1352202087766818,0.2672156242694414,0.1193388631521177,1.1682389295816549,0.2750748716447848,0.1262809816470815,1.2091197646883824,0.2848054907657413,0.1348760935885846,1.2594341772850397,0.2967815275564416,0.1454545958968234,,,,,,,False,False,low ADV,20-40%,<25%
1278021-2026-09-04,ok,MKTX,MARKETAXESS HOLDINGS INC,2026-07-30,ok,,cash,True,167.0,125.7300033569336,0.3282430250630428,0.33,0.1078509624068955,2026-07-30T07:44:54-04:00,pre,True,True,84580961.3067627,2026.0,Nasdaq,0.9067117417814852,0.2976218049825352,0.9258541844561102,0.8861158873141849,14.045363278054584,0.010076182385098,0.8972617921480639,-0.0023904345953937,0.8861158873141849,-0.0052098735919405,-0.0028261948304428,0.8856311702294235,-0.0053324863606154,-0.0029491013992317,0.8938695120163436,-0.0032485369238391,-0.000860158481036,0.8933851646623868,-0.0033710561663747,-0.0009829712995818,0.8899928845306665,-0.0042291584948201,-0.0018431297806178,,,,,,,False,False,high ADV,20-40%,80-95%
1681622-2026-09-08,ok,VREX,Varex Imaging Corp,2026-08-10,ok,,cash,False,18.9,12.40999984741211,0.522965369249482,,0.1230768898825513,2026-08-10T20:05:49-04:00,overnight,True,False,3810372.6638793945,2026.0,Nasdaq,0.9214174732880094,0.4818694291509886,0.9368258521968836,0.9175654520333866,36.65521540379554,0.0067713979522968,0.9322032503571064,0.0038064000623958,0.9506933638258322,0.0103317313955195,0.0065005874964714,0.930662676967564,0.0032627175248733,-0.0005416209116506,0.9322032503571064,0.0038064000623958,0.0,0.941448454036661,0.0070691175872692,0.0032503454099022,0.9368258521968836,0.0054377588248326,0.0016251727049512,,,,,,,False,True,mid ADV,40-70%,80-95%
1819928-2026-09-11,ok,DV,"DoubleVerify Holdings, Inc.",2026-08-07,ok,,cash,False,13.6,11.710000038146973,0.1614005085991534,0.3,-0.001704987627437,2026-08-06T17:11:59-04:00,post,False,True,25158851.25818253,2026.0,NYSE,0.8042325580785149,0.1298035439058704,0.8703701255509741,0.7883596831702114,15.85185643819784,0.0117335149525808,0.7936508096695111,-0.001511678365937,0.7989419361688108,-0.0007558031408539,0.0007570195952277,0.8148148110771143,0.001511750450166,0.0030280061875487,0.8359788124847174,0.0045351792662691,0.0060560123750974,0.8465610654833168,0.0060469297164351,0.0075700515655527,0.873015688800624,0.0098261616733921,0.0113550051549671,,,,,,,True,True,high ADV,5-20%,80-95%
1781755-2026-09-14,ok,BWIN,"Baldwin Insurance Group, Inc.",2026-09-14,ok,,cash,True,32.5,29.649999618530277,0.0961214306285713,0.88,-0.0388979172804238,2026-09-14T09:19:14-04:00,pre,True,True,31776781.553268436,2026.0,Nasdaq,0.7684211371677951,0.0738617390298022,0.8877194203534818,0.7263155851778285,19.693102849200837,0.0143750309944152,0.8245614269910542,0.0050251208117253,0.9964918174754605,0.0204146206898203,0.0153125524520874,0.8385968340693913,0.0062814309667393,0.0012500286102294,0.7859647267706719,0.0015703277896021,-0.0034375190734863,0.7614034336286265,-0.000628155077507,-0.0056250095367431,,,,,,,,,,True,False,high ADV,5-20%,50-80%
1609151-2026-09-15,ok,WEAV,"Weave Communications, Inc.",2026-08-18,ok,,cash,False,7.4,5.53000020980835,0.3381554646010507,0.34,-0.2265734075456444,2026-08-18T09:01:06-04:00,pre,True,True,5792814.306783676,2026.0,NYSE,0.9411764435889592,0.3182639575533892,0.9545454800447704,0.9358289820025316,51.33416510709087,0.0048076712092609,0.9358289820025316,-0.0013717081065849,0.951871621754976,0.0027434816229312,0.0041208423223357,0.9411764435889592,0.0,0.0013735922742426,0.9411764435889592,0.0,0.0013735922742426,0.9465241601685482,0.0013717735163463,0.0027472500480931,0.9572193383345652,0.0041152551392775,0.0054945000961861,,,,,,,False,True,mid ADV,20-40%,80-95%
1436126-2026-09-18,ok,MG,"Mistras Group, Inc.",2026-09-17,ok,,cash,False,20.35,19.36000061035156,0.0511363304977943,,0.0637362526805058,2026-09-18T16:05:33-04:00,post,False,False,3161876.1209487915,2026.0,NYSE,0.2323229131666473,0.0118801412699001,1.0505046963190832,0.2323229131666473,5.616528925619835,0.040826585671005,0.4848483213780383,0.0127616129684906,1.404040653138224,0.0592138763847263,0.0458669274401901,1.6464648138272433,0.0714650131508718,0.0579636900043203,2.040403834119904,0.0913730982254354,0.0776209171539665,1.2828276094857305,0.0530882593199635,0.0398184980898634,,,,,,,,,,False,True,low ADV,5-20%,<25%
1653558-2026-09-21,ok,PRTH,"Priority Technology Holdings, Inc.",2026-09-21,ok,,cash,False,8.05,5.829999923706055,0.3807890403680694,0.65,0.0429337682588535,2026-09-21T11:40:34-04:00,regular,True,False,2202191.9816970825,2026.0,Nasdaq,0.8806305659996729,0.3353344681458052,0.9054054773895852,0.8693694769586277,48.55736001039366,0.0102564002243335,0.8873874771741065,0.0019268264119158,0.8873874771741065,0.0019268264119158,0.0,0.8873874771741065,0.0019268264119158,0.0,0.8738738696167446,-0.0019267651611556,-0.0038461806506088,0.8783784770663671,-0.0006422142198784,-0.0025641000560834,,,,,,,,,,True,True,low ADV,20-40%,80-95%
1057060-2026-09-22,ok,HZO,MARINEMAX INC,2026-08-10,ok,,cash,False,53.0,35.68000030517578,0.4854259962635638,0.96,0.0384167541145661,2026-08-10T08:00:12-04:00,pre,True,True,10320254.327011108,2026.0,NYSE,0.9359122038158426,0.4543161139525331,0.9497691139021932,0.9347574429546373,25.30958271482764,0.0049885291933766,0.9491916233475336,0.0044324444968524,0.9688221174917968,0.0109847697346077,0.0065234105824183,0.9497691139021932,0.0046252010269762,0.0001919059177943,0.9566974588213114,0.006937764782926,0.0024942645966883,0.9497691139021932,0.0046252010269762,0.0001919059177943,0.95207841537649,0.005396006602242,0.0009593100169837,,,,,,,True,True,mid ADV,40-70%,80-95%
1847590-2026-09-25,ok,BWMN,Bowman Consulting Group Ltd.,2026-08-10,ok,,cash,False,43.0,27.229999542236328,0.5791406802377244,0.58,-0.0247134861093168,2026-08-10T13:21:17-04:00,regular,True,False,3676412.641525269,2026.0,Nasdaq,0.9587824028528226,0.5552698929881437,0.9682942304701172,0.9473683064703988,24.765372168284788,0.0077793928641956,0.9632211912353402,0.0016528854154975,0.9600506626615168,0.000472265843785,-0.001178671363007,0.9505390769400468,-0.0030695928713528,-0.0047146854520281,0.9600506626615168,0.000472265843785,-0.001178671363007,0.9701964992352464,0.0042503025185649,0.0025931309547317,0.9727330188526347,0.0051948342061349,0.0035361040158818,,,,,,,False,True,low ADV,40-70%,95-102%
1005286-2026-09-28,ok,LFCR,"LIFECORE BIOMEDICAL, INC. \DE\",2026-09-28,ok,,cash,True,6.28,4.199999809265137,0.4952381631414397,0.495,-0.0748899020803334,2026-09-28T08:53:40-04:00,pre,True,True,605079.9924373627,2026.0,Nasdaq,1.1153845956339656,0.5523810183380227,1.1778846449224172,1.0576923482516776,30.504950495049503,0.0383435583943781,1.1153845956339656,0.0,1.1490385212312733,0.010736222678858,0.010736222678858,1.1442307193251096,0.0092024452385066,0.0092024452385066,1.1153845956339656,0.0,0.0,,,,,,,,,,,,,False,False,low ADV,40-70%,>102%
919864-2026-09-28,ok,FNWD,Finward Bancorp,2026-07-22,ok,FFBC,stock,False,48.15449752807618,36.4900016784668,0.3196627929039737,,0.0595239005081722,2026-07-21T16:30:46-04:00,post,False,True,317355.9976577759,2026.0,Nasdaq,0.7907916017243392,0.1816935310619734,0.8871314474713454,0.7086360964821883,23.663265306122447,0.0372851518085957,0.8871314474713454,0.0387291749770362,0.8886207405767061,0.0343228102712673,-0.0042420727287902,0.8793114598200125,0.0345547707647326,-0.0040187609175372,0.8454239955623496,0.0259740903136678,-0.0122795093953632,0.8812164841586276,0.0498608900541763,0.0107166673905989,0.8477673540115105,0.002319162599617,-0.035052459538574,0.0161875116610574,0.0171034459757199,0.0148308302920587,0.0078155248805054,0.0132306125216733,0.0126508528352215,False,False,low ADV,20-40%,50-80%
1351636-2026-09-29,ok,SSTI,"SOUNDTHINKING, INC.",2026-09-29,ok,,cash,True,8.0,5.46999979019165,0.4625229080163651,0.46,-0.117741942182416,2026-09-29T07:45:32-04:00,pre,True,True,610529.003739357,2026.0,Nasdaq,1.1185771406546992,0.5173675519362422,1.1699605808366136,1.0711463597820874,64.76466876971608,0.030450669773252,1.0830039607636557,-0.0108433916288768,1.1225297999640016,0.0012048468255456,0.0121803143733354,1.173912863199577,0.0168673959555707,0.0280145604345503,,,,,,,,,,,,,,,,False,False,low ADV,40-70%,>102%
857005-2026-10-05,ok,PTC,PTC INC.,2026-10-05,ok,,cash,False,205.0,144.02999877929688,0.4233145993018439,0.423,-0.0403118535310808,2026-10-05T11:22:43-04:00,regular,True,False,181729708.392334,2026.0,Nasdaq,0.8497621210642361,0.359716711780192,0.8532065479899793,0.785468237343364,21.583771545427982,0.0214813533798663,0.7910446902067958,-0.0182802384497493,,,,,,,,,,,,,,,,,,,,,,False,True,high ADV,40-70%,80-95%
