deal_id,dq,ticker,company,t0,flag,acq_ticker,consideration,cvr,offer_pre,p_pre,premium,stated_premium,runup_20d,accepted_et,accept_session,accepted_on_t0,news_before_open,adv_usd_60,year,exchange,cap_open,gap_open,cap_high0,cap_low0,vol_ratio0,hl_range0,cap_d0_close,ret_open_d0_close,cap_d1_close,ret_open_d1_close,ret_close_d1_close,cap_d2_close,ret_open_d2_close,ret_close_d2_close,cap_d5_close,ret_open_d5_close,ret_close_d5_close,cap_d10_close,ret_open_d10_close,ret_close_d10_close,cap_d20_close,ret_open_d20_close,ret_close_d20_close,ret_open_hedged_d0_close,ret_open_hedged_d1_close,ret_open_hedged_d2_close,ret_open_hedged_d5_close,ret_open_hedged_d10_close,ret_open_hedged_d20_close
1319161-2011-05-20,no_prices,,,,,,,,,,,,,,,,,,,,,,,,,,,,,,,,,,,,,,,,,,,,,,,,
1069258-2011-06-21,suspect,KTOS,"KRATOS DEFENSE & SECURITY SOLUTIONS, INC.",2010-10-06,no_reaction,,cash,False,7.0,10.75,-0.34883720930232553,,-0.01916058735547943,2010-10-06T17:48:14-04:00,post,True,False,670818.9905166626,2010.0,Nasdaq,0.050666554768880205,-0.017674379570539633,-0.016000111897786457,0.0773333231608073,5.6240126382306475,0.033428879899069015,0.07466659545898438,-0.008522741383674814,0.04800008138020833,0.0009469010236917708,0.009551043480898525,-0.005333455403645834,0.01988636645855313,0.02865331261543491,-0.08799997965494792,0.04924237532447284,0.058261665818500674,-0.10933329264322916,0.05681812537439157,0.0659025370377675,-0.19733327229817707,0.08806811690782324,0.09742115358883474,,,,,,
1110803-2012-01-25,ok,ILMN,ILLUMINA INC,2012-01-25,ok,,cash,False,44.5,36.66342544555664,0.2137436548606262,0.64,0.2965256942466865,2012-01-25T08:57:08-05:00,pre,True,True,68202792.83522129,2012.0,Nasdaq,1.8545186196247794,0.39639158776568384,2.197120591770185,1.7750744653560244,14.80201153874292,0.06165009832214181,2.1673290947670534,0.047881450175864426,1.8570012038099393,0.00038000559576878423,-0.04533093373503616,1.7378352157974133,-0.017860561044732215,-0.06273802366628711,1.7725918811708645,-0.012540408193069674,-0.057660967620710823,1.7949356256185163,-0.0091202833202505,-0.05439712048204337,1.6881830453130027,-0.025460747471006906,-0.06999093040015392,,,,,,
1295947-2012-03-13,ok,PBH,"Prestige Brands Holdings, Inc.",2012-02-27,no_gap,,cash,False,16.6,16.6299991607666,-0.001803918357216383,0.23,0.332532032912769,2012-02-27T10:47:16-05:00,regular,True,False,2491033.574295044,2012.0,NYSE,9.333553744230551,-0.01683696893728337,-2.0001017281062987,12.333642756323622,5.757043879907621,0.02582584474639995,-0.666700576035433,0.018348576762148072,2.333388436057638,0.012843980402022392,-0.0054054146936872716,4.333426584097559,0.009174288381073925,-0.00900898630432001,-4.00013987614622,0.02446480790199934,0.006006029054705486,-0.666700576035433,0.018348576762148072,0.0,-28.667488968859843,0.06972473168504978,0.05045046077076365,,,,,,
764038-2012-10-26,no_offer_value,,,,,,,,,,,,,,,,,,,,,,,,,,,,,,,,,,,,,,,,,,,,,,,,
91388-2013-06-18,no_prices,,,,,,,,,,,,,,,,,,,,,,,,,,,,,,,,,,,,,,,,,,,,,,,,
832988-2014-04-17,suspect,SIG,SIGNET JEWELERS LTD,2014-02-19,no_reaction,,cash,False,21.0,79.2699966430664,-0.7350826177707827,,0.05104744852282894,2014-02-20T13:26:05-05:00,regular,False,False,53050867.84820557,2014.0,NYSE,-0.16475041456275658,0.12110516601561283,-0.255534715580162,-0.1614896894494515,17.095976529756914,0.05851578502558026,-0.2467823187102172,0.053786414218162326,-0.2565643631183499,0.06020027353185675,0.006086488900554965,-0.25862365819472566,0.061550505482784734,0.007367803531973749,-0.2802471730191494,0.07572854191003042,0.020822177431607747,-0.30925013404141244,0.09474510980893558,0.038868118850404754,-0.3926549888609786,0.14943173589366898,0.090763479567602,,,,,,
1267395-2014-06-17,no_prices,,,,,,,,,,,,,,,,,,,,,,,,,,,,,,,,,,,,,,,,,,,,,,,,
720500-2014-12-23,no_offer_value,,,,,,,,,,,,,,,,,,,,,,,,,,,,,,,,,,,,,,,,,,,,,,,,
354707-2015-03-26,no_offer_value,,,,,,,,,,,,,,,,,,,,,,,,,,,,,,,,,,,,,,,,,,,,,,,,
931148-2015-05-26,no_prices,,,,,,,,,,,,,,,,,,,,,,,,,,,,,,,,,,,,,,,,,,,,,,,,
839470-2015-07-14,no_offer_value,,,,,,,,,,,,,,,,,,,,,,,,,,,,,,,,,,,,,,,,,,,,,,,,
319201-2016-01-14,suspect,KLAC,KLA TENCOR CORP,2015-10-21,no_reaction,,cash,False,67.02,5.386000156402588,11.443371343079189,0.24,0.09028341984130983,2015-10-21T06:07:14-04:00,pre,True,True,80597583.59980583,2015.0,Nasdaq,0.01708472557304758,0.19550685902698484,0.02175747288041613,0.016111237840111262,15.073650161731774,0.05439200726092295,0.01641950237943723,-0.00636750510717099,0.01791218511725814,0.00792042869873888,0.014379495315771651,0.018642302851108575,0.014909103242537025,0.021412955452914106,0.01938864422001903,0.02205307014549196,0.02860270311079982,0.02104357878162572,0.03789407565203917,0.044545222692202735,0.021481647874617423,0.042087265567410936,0.0487652838686683,,,,,,
107263-2016-05-25,no_offer_value,,,,,,,,,,,,,,,,,,,,,,,,,,,,,,,,,,,,,,,,,,,,,,,,
1413447-2016-10-27,ok,NXPI,NXP Semiconductors N.V.,2016-10-27,no_reaction,,cash,False,110.0,98.66000366210938,0.1149401572771862,,0.1996596087653062,2016-10-27T21:02:16-04:00,overnight,True,False,235273056.21795654,2016.0,Nasdaq,0.1499115958760889,0.017230862407671577,0.17989364593677423,0.00705416468194699,13.125450341452922,0.019781984742135248,0.037036887528963454,-0.012754073052136383,0.0987650334105692,-0.005779213108084269,0.007064967049917659,0.11816550005516847,-0.003587092548447357,0.00928540726628202,0.00705416468194699,-0.016141916468012996,-0.0034316104259355384,-0.182540387363458,-0.03756480918227578,-0.02513126208263372,0.07495579793804445,-0.008469494509283804,0.004339930331339614,,,,,,
855658-2016-11-30,ok,LSCC,LATTICE SEMICONDUCTOR CORP,2016-11-03,ok,,cash,False,8.3,6.369999885559082,0.3029827549630366,0.3,-0.020000017606295106,2016-11-03T08:02:00-04:00,pre,True,True,7147816.41960144,2016.0,Nasdaq,0.6528498208130066,0.1978022372870496,0.7098444581988758,0.5647668849510101,29.38075422626788,0.03708605641027649,0.6113990855993306,-0.010484917759652879,0.7150259236335204,0.015727376639479207,0.026490040293054573,0.77202080808526,0.03014416980652168,0.04105959403285353,0.6683937229851998,0.003931812912350008,0.014569490582561073,0.585492252557848,-0.017038022606955527,-0.006622541651882585,0.29533685899624634,-0.09043250941956482,-0.0807947176296735,,,,,,
1276520-2016-12-21,ok,GNW,GENWORTH FINANCIAL INC,2016-10-24,no_reaction,,cash,False,5.43,5.210000038146973,0.042226479892939484,,0.0654397096929491,2016-10-24T06:13:09-04:00,pre,True,True,34804144.75340843,2016.0,NYSE,-1.1818194271121347,-0.049904074276035826,-1.000001387162884,-2.590910320439831,11.181693842523064,0.07306887420040181,-1.9090915869091383,-0.03232320274288303,-2.9090908066300183,-0.07676760651434722,-0.045928975353591195,-3.5000005201860853,-0.10303025690831102,-0.07306887420040187,-4.863637987247471,-0.16363635838195945,-0.13569939468558512,-5.181818473437658,-0.17777771141659948,-0.15031310979658463,-3.5000005201860853,-0.10303025690831102,-0.07306887420040187,,,,,,
1406587-2017-05-19,ok,FOR,Forestar Group Inc.,2017-04-13,ok,,cash,False,14.25,14.050000190734863,0.014234861676160282,0.08199999999999999,0.09338519639233556,2017-04-13T21:30:04-04:00,overnight,True,False,3230339.952278137,2017.0,NYSE,0.0,0.0,1.2500011920940324,-0.7500035762820971,0.9949889757466426,0.02826859243732877,0.49999761581193525,0.007117396899492867,0.7499988079059676,0.010676129287826575,0.003533582479351205,0.7499988079059676,0.010676129287826575,0.003533582479351205,1.0,0.014234861676160282,0.007067164958702188,0.49999761581193525,0.007117396899492867,0.0,0.2500011920940324,0.0035587323883337074,-0.0035335150818710526,,,,,,
1039684-2017-05-22,no_offer_value,,,,,,,,,,,,,,,,,,,,,,,,,,,,,,,,,,,,,,,,,,,,,,,,
764038-2017-09-12,no_offer_value,,,,,,,,,,,,,,,,,,,,,,,,,,,,,,,,,,,,,,,,,,,,,,,,
104918-2017-09-14,ok,AVA,AVISTA CORP,2017-07-20,ok,,cash,False,53.0,43.33000183105469,0.22317096146566073,,-0.015898182322260923,2017-07-19T16:37:38-04:00,post,False,True,11118524.872779846,2017.0,NYSE,0.8004135811138129,0.17862906846734217,0.9400204818117409,0.7828336223614677,31.477246207701285,0.02907415222948192,0.9255427759008921,0.023692952647408783,0.9265771231733237,0.023888804151036114,0.00019131860107135523,0.9358842761857122,0.02565109420636591,0.0019128211773784543,0.9462253819826331,0.02760916106986011,0.0038255693880897557,0.9203722230024316,0.022713919215661793,-0.0009563741053556507,0.8438470933342591,0.008224045156693949,-0.015110885984620959,,,,,,
1413447-2017-12-11,ok,NXPI,NXP Semiconductors N.V.,2017-10-26,no_reaction,,cash,False,110.0,116.48999786376953,-0.055712919416131546,,0.03335398203556128,2017-10-26T10:01:59-04:00,regular,True,False,155862007.50732422,2017.0,Nasdaq,-0.18027830253556956,0.010043830541641263,-0.23266604518625017,-0.018490413880095032,3.168668979368267,0.011919047821229592,-0.020031575593923285,-0.008839035212968138,-0.06779700866506712,-0.006204345862762195,0.002658185142281111,-0.036980827760190065,-0.00790413289333658,0.0009432396480952843,-0.14946094606874452,-0.0016998518732931345,0.007202849580753012,0.1818182886874498,-0.019972854244202365,-0.011233108876141484,0.2835126261231025,-0.025582203319272856,-0.016892481343736443,,,,,,
94344-2018-08-01,ok,STC,STEWART INFORMATION SERVICES CORP,2018-03-19,no_reaction,,cash,False,50.0,40.720001220703125,0.2278978020899145,0.23,-0.018795151308358404,2018-03-19T08:36:38-04:00,pre,True,True,6731105.953216553,2018.0,NYSE,0.445042866021895,0.10142429100218608,0.4547411596023506,0.18857761101263784,21.156695156695157,0.057967551528403514,0.2036637541229977,-0.04994421270854743,0.3469825247379862,-0.020289852360579008,0.031213283203622266,0.417025801826451,-0.0057970642224932645,0.04646795385765179,0.3178876439966194,-0.026309929661572973,0.02487673183314243,0.3922413651356355,-0.010925259318621094,0.04107017073299124,0.3135776110126378,-0.02720172681187072,0.023938053113190527,,,,,,
1267395-2018-10-22,suspect,AHL-PD,ASPEN INSURANCE HOLDINGS LTD,2018-08-28,no_reaction,,cash,False,42.75,24.889999389648438,0.7175572940262667,,0.013395161216422702,2018-08-28T06:55:05-04:00,pre,True,True,463008.04441452026,2018.0,NYSE,0.0005599232105311272,0.000401776983811164,0.0016797696315933816,-0.004479278889816339,1.4862838915470495,0.004414149679566196,0.0016797696315933816,0.000803231247794356,0.003919355679285212,0.0024096171430352253,0.0016050966314706816,0.006041467851031164,0.003931742655616022,0.003126000506534332,-0.0022395860476918305,-0.0020080015191380474,-0.0028089765092259578,-0.006158941726977043,-0.004819234286070562,-0.0056179530184519155,-0.06494959729955326,-0.04698795559110147,-0.047752830273449676,,,,,,
1490349-2018-12-21,no_offer_value,,,,,,,,,,,,,,,,,,,,,,,,,,,,,,,,,,,,,,,,,,,,,,,,
1623925-2019-01-31,no_offer_value,,,,,,,,,,,,,,,,,,,,,,,,,,,,,,,,,,,,,,,,,,,,,,,,
1633336-2019-10-03,no_prices,,,,,,,,,,,,,,,,,,,,,,,,,,,,,,,,,,,,,,,,,,,,,,,,
1362988-2019-12-06,no_prices,,,,,,,,,,,,,,,,,,,,,,,,,,,,,,,,,,,,,,,,,,,,,,,,
316709-2020-05-06,no_offer_value,,,,,,,,,,,,,,,,,,,,,,,,,,,,,,,,,,,,,,,,,,,,,,,,
1108426-2020-12-18,ok,TXNM,PNM RESOURCES INC,2020-10-21,ok,,cash,False,50.3,45.7400016784668,0.09969388181461158,0.193,0.12438548021955698,2020-10-21T06:08:40-04:00,pre,True,True,14972852.85949707,2020.0,NYSE,0.9035088702619315,0.0900743065303462,0.9451752511050502,0.8179826568405835,71.07485714285714,0.011623206385206742,0.9122810040889225,0.0008022646417504831,0.9714908160292975,0.006217359703148295,0.005410754204614232,0.9407891841915547,0.0034095099651887395,0.002605155299455264,0.8969301881700511,-0.0006016602272292948,-0.001402799452579484,0.8903506695214449,-0.0012033969626257246,-0.0020040538228540683,0.7214908578571336,-0.016646647029570416,-0.017434924248065142,,,,,,
1132105-2021-02-02,ok,SPWH,"SPORTSMAN'S WAREHOUSE HOLDINGS, INC.",2020-12-22,ok,,cash,True,18.0,12.649999618530273,0.4229249440950822,,-0.08664265197746601,2020-12-21T17:15:30-05:00,post,False,True,13521574.193572998,2020.0,Nasdaq,0.8728971482822633,0.36916997763803283,0.9495326283155332,0.7981308697758706,16.975640620056943,0.04586633482112288,0.9364485741411317,0.019630494144263322,0.9803739187383977,0.033198658953284,0.01330694294349044,0.9850467442987214,0.03464205496776218,0.01472254989401578,0.9504674073358406,0.023960792311755075,0.0042469288554634055,0.9570094344230413,0.025981568756835882,0.006228800186976358,0.9327101710873776,0.01847573328305807,-0.0011325287619752267,,,,,,
1326110-2021-02-02,no_offer_value,,,,,,,,,,,,,,,,,,,,,,,,,,,,,,,,,,,,,,,,,,,,,,,,
1731348-2021-02-19,no_offer_value,,,,,,,,,,,,,,,,,,,,,,,,,,,,,,,,,,,,,,,,,,,,,,,,
1094285-2021-04-12,suspect,TDY,TELEDYNE TECHNOLOGIES INC,2021-01-06,no_reaction,,cash,False,28.0,375.489990234375,-0.9254307685205594,,-0.044043936796239413,2021-01-06T10:50:55-05:00,regular,True,False,53897311.740112305,2021.0,NYSE,-0.004287953016857079,0.003968203655769997,-0.009554253122455331,0.028979185270483987,4.612299465240642,0.0362980389795056,0.0189932826021433,-0.02146001406473519,0.05559865708249521,-0.05520185938810551,-0.03448182578979708,0.020604920611612718,-0.02294557844441314,-0.001518143766254032,-0.03300814855980985,0.026473500392337534,0.04898472739594695,-0.035080154202958014,0.028383419220180395,0.05093653197756276,-0.03438951492954145,0.027746806595157825,0.050285958026398125,,,,,,
1325702-2021-04-19,ok,MX,MAGNACHIP SEMICONDUCTOR Corp,2021-03-26,ok,,cash,False,29.0,20.40999984741211,0.4208721321316944,,0.12824763268408979,2021-03-29T12:32:59-04:00,regular,False,False,12813809.601593018,2021.0,NYSE,0.7147845495437685,0.3008328973812786,0.7322468921764069,0.5634458750422436,18.33310826018456,0.05574781815377894,0.6519208710121649,-0.020338946278572356,0.6251456046383875,-0.029001829474262886,-0.008842735110049516,0.5448195834741455,-0.054990550901209634,-0.035371013771555715,0.7625144494423837,0.015442555901839627,0.036524369366822684,0.5681025589557233,-0.04745756526329381,-0.02768163425677317,0.6030268001351797,-0.036158158646295346,-0.016147638315957114,,,,,,
1288847-2021-08-26,no_offer_value,,,,,,,,,,,,,,,,,,,,,,,,,,,,,,,,,,,,,,,,,,,,,,,,
849399-2021-09-17,suspect,GEN,NortonLifeLock Inc.,2021-08-10,no_reaction,,cash,False,2.37,23.889999389648438,-0.9007953093114384,0.28,-0.12490842280987813,2021-08-10T17:30:45-04:00,post,True,False,120787075.57563782,2021.0,Nasdaq,-0.0051115526706043985,0.004604462668978737,-0.02091081671479567,0.003717468679136501,0.7646439312508821,0.021946198551441747,-0.012081795365054769,0.006249984105427986,-0.10966545898169362,0.09375,0.0869565389085305,-0.10223052162342063,0.08708333969116211,0.08033128632304631,-0.09618957962517095,0.08166662851969408,0.07494821923531503,-0.11895917499525716,0.10208336512247729,0.09523814413000609,-0.16403349380871782,0.14250000317891431,0.135403747801909,,,,,,
799165-2021-11-01,ok,DWSN,DAWSON GEOPHYSICAL CO,2021-10-25,ok,,cash,True,2.34,2.2300000190734863,0.04932734528505334,,-0.055084695678370044,2021-10-25T06:05:05-04:00,pre,True,True,61694.99862194061,2021.0,Nasdaq,0.7272721597970035,0.03587440494251326,0.9999992197208798,0.7272721597970035,79.84990619136961,0.012875524623216773,0.9090901997462544,0.00865800061555344,0.9090901997462544,0.00865800061555344,0.0,0.9999992197208798,0.012987000923330161,0.0042918415410722055,0.9090901997462544,0.00865800061555344,0.0,0.9090901997462544,0.00865800061555344,0.0,0.7272721597970035,0.0,-0.008583683082144522,,,,,,
84748-2021-12-01,ok,ROG,ROGERS CORP,2021-11-02,ok,,cash,False,277.0,208.22999572753906,0.3302598361594544,,0.12084184032594569,2021-11-02T09:11:38-04:00,pre,True,True,10796626.644134521,2021.0,NYSE,0.92613078003981,0.30586379967817523,0.9274394369003515,0.8749453894252627,68.00374181478017,0.013375383292988091,0.896757224626801,-0.007428726947260378,0.8953030135274471,-0.007796504597220588,-0.00037053021777389006,0.8889048397006286,-0.009414636473060622,-0.0020007727200208603,0.8916677076605241,-0.008715892607130571,-0.0012967992272348017,0.898793208918481,-0.006913815791319555,0.0005187649188729271,0.912752659193847,-0.0033833972576603477,0.0040756062556175365,,,,,,
761648-2022-04-05,ok,CDR-PB,"CEDAR REALTY TRUST, INC.",2022-03-02,no_reaction,,cash,False,29.0,25.489999771118164,0.1377010694546532,0.166,0.011106731329393993,2022-03-03T17:22:12-05:00,post,False,False,33477.03396987915,2022.0,NYSE,5.7057434013077565e-05,7.856869683964263e-06,0.034985988324418786,0.0,4.1977358490566035,0.004794509938724282,0.034985988324418786,0.004809713349225531,-3.572620800097378,-0.4919576965515198,-0.494389537940396,-4.128204793802585,-0.5684616055753705,-0.5705272464114342,-3.6296293277384444,-0.4998077700987249,-0.5022020356132532,-4.136751725715677,-0.569638517993512,-0.5716985253138032,-3.3105410620616427,-0.4558693198832763,-0.45847390517053155,,,,,,
36966-2022-04-12,ok,FHN,FIRST HORIZON CORP,2022-02-28,ok,,cash,False,25.0,18.25,0.36986301369863006,,0.06600462064096502,2022-02-28T12:05:48-05:00,regular,True,False,79083864.33506012,2022.0,NYSE,0.8740740175600406,0.32328765033042584,0.8874073734989872,0.7525925812897859,21.847821326910445,0.038756382672630894,0.7748147469979746,-0.02774327481893024,0.7688889680085359,-0.029399548475680937,-0.001703535304877657,0.82666665536386,-0.013250505170968374,0.014906319773990484,0.7703704833984375,-0.02898546031668303,-0.001277631170431337,0.748148035120081,-0.03519670372241013,-0.007666111954218402,0.7659259372287326,-0.030227724793676636,-0.0025553435737702968,,,,,,
25743-2022-05-31,ok,TXMD,"TherapeuticsMD, Inc.",2022-05-31,ok,,cash,False,10.0,2.140000104904175,3.672896967193271,3.673,-0.7859999895095825,2022-05-31T06:47:10-04:00,pre,True,True,1940584.5,2022.0,Nasdaq,0.9414758213376078,3.457943688876693,0.9987277062321495,0.8880406964140055,49.82551376502521,0.08761327883400113,0.9910941862902702,0.040880539295830465,0.9923663587255089,0.04192868135531724,0.0010069763242914753,0.9949109462612099,0.044025165406013755,0.0030211210522879117,0.9910941862902702,0.040880539295830465,0.0,0.9885495987545693,0.03878405524513373,-0.0020141447279963254,0.9910941862902702,0.040880539295830465,0.0,,,,,,
1528985-2022-08-11,no_prices,,,,,,,,,,,,,,,,,,,,,,,,,,,,,,,,,,,,,,,,,,,,,,,,
1816581-2022-12-14,no_offer_value,,,,,,,,,,,,,,,,,,,,,,,,,,,,,,,,,,,,,,,,,,,,,,,,
1517396-2023-04-14,ok,SSYS,STRATASYS LTD.,2023-04-03,no_reaction,,cash,False,20.05,16.530000686645508,0.21294610811470083,0.41,0.15918656531057218,2023-04-04T13:21:03-04:00,regular,False,False,5325520.50075531,2023.0,Nasdaq,-0.11931822676797432,-0.025408352017387448,-0.03693212882798713,-0.252841055947423,2.3699067569293653,0.04639800452663459,-0.04261407816467942,0.01675968592090249,-0.19886389190012813,-0.017380550964448238,-0.03357748872038446,-0.19886389190012813,-0.017380550964448238,-0.03357748872038446,-0.34090937415435885,-0.0484171730039733,-0.06410252080937262,-0.31250016933141017,-0.04220982491700487,-0.057997491102823706,-0.6789775027101153,-0.12228430741107332,-0.13675207156353808,,,,,,
1660734-2023-07-06,suspect,TRTN-PA,Triton International Ltd,2023-04-11,no_reaction,,cash,False,68.5,25.24250030517578,1.7136772970922616,0.35,-0.0014834011254413193,2023-04-12T07:30:43-04:00,pre,False,False,159962.83120536804,2023.0,NYSE,-0.0009824780104295584,-0.0016836502613655213,0.0008669105180439613,-0.001202104748152816,0.4021087946321591,0.003540364905661317,0.0008669105180439613,0.00317460005095338,-0.033346843398067004,-0.05555561442433876,-0.05854435954848658,-0.016702302548904757,-0.026984138277322156,-0.03006329937654295,-0.016008809408790042,-0.025793710563486782,-0.02887663883532221,-0.0027093764611284925,-0.0029643375770830316,-0.006119510629280955,-0.007917718061880682,-0.011904806957402148,-0.0150316874127292,,,,,,
1383395-2023-08-07,suspect,SQNS,SEQUANS COMMUNICATIONS,2023-08-07,no_reaction,,cash,False,3.03,53.25,-0.9430985915492958,0.423,-0.049107142857142905,2023-08-07T06:01:13-04:00,pre,True,True,138753.5,2023.0,NYSE,-0.33851055356431703,0.31924882629107976,-0.34348864994026285,-0.31859816806053365,99.83293556085918,0.017921146953405017,-0.32855436081242534,-0.007117437722419906,-0.31859816806053365,-0.014234875444839812,-0.007168458781361964,-0.3235762644364795,-0.010676156583629859,-0.0035842293906810374,-0.31362007168458783,-0.017793594306049876,-0.010752688172043001,-0.3235762644364795,-0.010676156583629859,-0.0035842293906810374,-0.33353245718837116,-0.003558718861209953,0.0035842293906809264,,,,,,
1164727-2023-08-23,no_offer_value,,,,,,,,,,,,,,,,,,,,,,,,,,,,,,,,,,,,,,,,,,,,,,,,
1530721-2023-09-08,ok,CPRI,Capri Holdings Ltd,2023-08-10,ok,,cash,False,57.0,34.61000061035156,0.646922825622597,0.59,-0.047867893722424726,2023-08-10T09:20:28-04:00,pre,True,True,77787294.50016022,2023.0,NYSE,0.8883430072286727,0.574689368358448,0.8892362836158493,0.8503796978364413,23.501455311294634,0.01614098158173622,0.861545397113574,-0.01100914631414851,0.8276015759010625,-0.024954139639478234,-0.014100224762805813,0.7882982667405413,-0.041100948228748546,-0.030426774729464312,0.7601608272322028,-0.05266053086027089,-0.0421150351298929,0.7708798031282222,-0.04825690033238961,-0.037662384722187414,0.8115229416819834,-0.03155965542574546,-0.020779271147966183,,,,,,
1039828-2023-10-11,no_prices,,,,,,,,,,,,,,,,,,,,,,,,,,,,,,,,,,,,,,,,,,,,,,,,
1722684-2023-12-12,ok,WH,"WYNDHAM HOTELS & RESORTS, INC.",2023-10-17,no_reaction,CHH,mixed,False,89.96760049438477,69.0999984741211,0.30199135283742273,0.37,-0.07434699180593851,2023-10-17T06:41:03-04:00,pre,True,True,53040833.48693848,2023.0,NYSE,0.41280344824202253,0.1143270868354298,0.5186732422360513,0.21597597533571644,7.988319795932067,0.07278517281049604,0.3419157448798788,-0.022207780317826664,0.28646059030450344,-0.03792205414214689,-0.016071179037841055,0.2448815856103348,-0.046103935737114465,-0.0244388888950815,0.29081234800422523,-0.03701296719637781,-0.01514144475741841,0.2036787273774065,-0.05974023992365052,-0.038384903101421286,0.5029345208650887,0.00714289677607538,0.03001729457761737,-0.008784945004946185,-0.01515791499150261,-0.028262905764889424,-0.013996338683289335,-0.021617652793983304,0.03748107474190837
1549107-2023-12-26,ok,MANU,Manchester United plc,2023-12-26,no_reaction,,cash,False,33.0,19.84000015258789,0.6633064388205434,,0.03064935857599438,2023-12-26T17:00:13-05:00,post,True,False,13586567.245674133,2023.0,NYSE,0.019756856527089132,0.013104850145271962,0.07598784282635446,0.016717273245087056,7.508361906094745,0.03801172852071732,0.05167175631157033,0.020895525787210767,0.055471090478764806,0.02338304997186902,0.002436609938847756,0.044832838862373776,0.016417906340453703,-0.004385972250494752,0.0075988132696970705,-0.0079601912624645,-0.02826510286390438,0.08130696863454998,0.040298480127847425,0.01900581778500321,-0.027355669796786206,-0.030845812311773857,-0.050682304694289804,,,,,,
1282648-2024-01-12,ok,BATL,BATTALION OIL CORP,2023-12-15,ok,,cash,False,9.8,5.275000095367432,0.8578198716254959,,-0.14366879447512926,2023-12-15T17:43:24-05:00,post,True,False,88648.99966716766,2023.0,NYSE,0.9491712022048191,0.8142179188259555,0.9732596460260136,0.9491712022048191,64.92592592592592,0.01136602755571785,0.9535911929639782,0.002089912058669041,0.9491712022048191,0.0,-0.002085553435395404,0.9513811975843987,0.0010449560293344096,-0.001042776717697702,0.9624309637255369,0.0062696365235150875,0.004171007426129414,0.9602209683459574,0.005224680494180678,0.003128230708431934,0.9602209683459574,0.005224680494180678,0.003128230708431934,,,,,,
752714-2024-06-10,ok,MGRC,MCGRATH RENTCORP,2024-01-29,ok,WSC,stock,False,127.28802898674012,111.75,0.1390427649820145,0.10099999999999999,-0.06867237278497829,2024-01-29T06:07:54-05:00,pre,True,True,9356272.485733032,2024.0,Nasdaq,1.038100581652432,0.07829977628635354,0.7264016089771747,0.5188582921265533,28.290869327501365,0.028282828282828285,0.7115770863449875,0.026970954356846377,0.6301496516762667,0.04921162078984054,0.021656568122632613,0.6409066616617823,0.042738601874513726,0.015353547683869984,0.5876858705021661,0.05792533906168962,0.030141441268150215,0.5447114536224202,0.07975104240955644,0.05139394432607314,0.5524739097769984,0.027468859407417057,0.00048482875631306044,-0.04302982352798915,-0.07416761814291543,-0.06729602179626212,-0.09425017961050955,-0.1300171250497653,-0.08373632731457463
1747079-2024-08-28,no_prices,,,,,,,,,,,,,,,,,,,,,,,,,,,,,,,,,,,,,,,,,,,,,,,,
1004989-2024-09-13,ok,SGRP,"SPAR Group, Inc.",2024-09-03,ok,,cash,True,2.5,1.4500000476837158,0.7241378743356548,0.72,-0.21195651011960515,2024-09-03T08:05:10-04:00,pre,True,True,272440.012049675,2024.0,OTC,0.9047619912629805,0.655172425132869,0.9238095930103843,0.8857143895155766,30.13429256594724,0.016666650109821553,0.9047619912629805,0.0,0.8952381903892785,-0.004166662527455345,-0.004166662527455345,0.9047619912629805,0.0,0.0,0.9047619912629805,0.0,0.0,0.9047619912629805,0.0,0.0,0.9238095930103843,0.00833332505491069,0.00833332505491069,,,,,,
1176334-2024-10-25,ok,MMLP,MARTIN MIDSTREAM PARTNERS L.P.,2024-10-04,ok,,cash,False,4.02,3.5999999046325684,0.11666669624823167,0.34,0.0,2024-10-03T16:10:49-04:00,post,False,True,177230.00228405,2024.0,Nasdaq,0.8095239890134935,0.09444448933189409,0.9047619718002211,0.7857144933168116,11.191402251791198,0.012626250463290644,0.8571429804068573,0.005076137217272736,0.928571467496903,0.01269034304318195,0.0075757502779743024,0.928571467496903,0.01269034304318195,0.0075757502779743024,0.928571467496903,0.01269034304318195,0.0075757502779743024,0.928571467496903,0.01269034304318195,0.0075757502779743024,0.9047619718002211,0.010152274434545472,0.005050500185316276,,,,,,
1944558-2025-01-21,no_offer_value,,,,,,,,,,,,,,,,,,,,,,,,,,,,,,,,,,,,,,,,,,,,,,,,
1549346-2025-04-30,ok,SSTK,"Shutterstock, Inc.",2025-01-07,no_reaction,GETY,mixed,False,44.637989987270835,30.049999237060547,0.4854572752274475,,-0.04177300216182389,2025-01-07T22:18:17-05:00,overnight,True,False,12562917.934417725,2025.0,NYSE,0.2327070745238153,0.23261237457357598,0.37936494303307866,0.18643073892682926,13.152008265530156,0.12898552936056387,0.1929342041062494,-0.06857453706116312,0.040238015465454094,-0.17197626030735502,-0.11101449054220447,0.03439701122390743,-0.17440606998239105,-0.11362319061721582,0.07899569253531091,-0.15118791152951028,-0.08869563669398206,-0.03564565945502421,-0.20275378086542128,-0.14405795111172437,0.05267092986774033,-0.16252700618158078,-0.10086955194887903,0.1196789293875119,0.22298687753474222,0.2205570678597062,0.18471537048939607,0.21435689091649962,0.15122882990362901
1320350-2025-05-07,ok,LNSR,"LENSAR, Inc.",2025-03-24,ok,,cash,True,14.0,14.819999694824219,-0.0553306148252215,0.24,0.5952636981354897,2025-03-24T08:11:38-04:00,pre,True,True,675028.4963130951,2025.0,Nasdaq,0.695121837754352,-0.03846151866138614,0.29268275663152804,0.8170735678597679,22.271798900235662,0.030196651129722345,0.707317243368472,-0.0007017704478481379,0.792682756631528,-0.005614029733758241,-0.004915708985206102,0.8292678104559961,-0.007719274152789168,-0.007022431840078447,0.853658621684236,-0.009122815048485444,-0.008426958391001382,1.292682756631528,-0.034385948850397474,-0.03370783356400553,1.219512648982592,-0.03017546001233551,-0.02949438785426084,,,,,,
1091667-2025-06-18,suspect,CHTR,"CHARTER COMMUNICATIONS, INC. /MO/",2024-11-13,no_reaction,LBRDA,stock,False,22.833,392.0,-0.9417525510204081,,0.18093630510590697,2024-11-13T08:54:58-05:00,pre,True,True,307242075.3387451,2024.0,Nasdaq,-0.047343158070512786,0.044693849524673146,-0.06285216015295862,-0.013423956173786847,3.1019743979171186,0.04504945039135627,-0.03840817430441364,-0.008058184903053878,-0.006065874429256807,-0.03728753033630816,-0.029466794310306965,0.006544254468846766,-0.0487155260418487,-0.04098762701602743,0.007752396018843329,-0.04981440331061182,-0.04209543117554426,0.005884020862574989,-0.04812949790936849,-0.040396838198012985,0.00953024634508691,-0.051450423353906705,-0.04374474166774789,-0.007643263795153683,-0.03517833155018525,-0.04565545704046404,-0.04631059722034575,-0.042925650065343185,-0.04550893212245696
1829864-2025-07-01,ok,TASK,"TaskUs, Inc.",2025-05-09,ok,,cash,False,16.5,14.380000114440918,0.14742697278771932,0.26,0.09938839436678859,2025-05-09T08:48:20-04:00,pre,True,True,3766106.9791316986,2025.0,Nasdaq,0.9150941910884528,0.13490956640779728,1.259433616391683,0.8962267333818867,27.716908389939416,0.045697242313526676,1.1650945284732528,0.03247553287722149,1.1792448968299774,0.034313693407726165,0.0017803429446723307,1.1273587133673206,0.027573576676117595,-0.004747769845396044,1.0471699938056152,0.0171569051397904,-0.014836794916333051,1.1179245346676376,0.026348058407878128,-0.005934740605685662,1.084905808911547,0.022058861340894076,-0.010089025070937008,,,,,,
1108426-2025-07-11,ok,TXNM,TXNM ENERGY INC,2025-05-19,ok,,cash,False,61.25,52.880001068115234,0.15828288129388057,0.23,-0.009737836009455325,2025-05-19T10:41:46-04:00,regular,True,False,50008876.47857666,2025.0,NYSE,0.5221026869236081,0.08263991761754563,0.5268817694363864,0.4169651504344517,9.297054263565892,0.01626307209838561,0.44086010723994995,-0.011877734588223277,0.42054969019823213,-0.014847134919145688,-0.0030050940403463233,0.40860198391628627,-0.016593899789335453,-0.004772855916921226,0.4802868543327811,-0.006113510464997307,0.0058335130428661675,0.4420551057473412,-0.011703024785071015,0.00017680990426782728,0.40860198391628627,-0.016593899789335453,-0.004772855916921226,,,,,,
1839341-2025-09-26,ok,CORZ,"Core Scientific, Inc./tx",2025-07-07,no_reaction,CRWV,stock,False,20.40219962310791,18.0,0.13345553461710624,0.66,0.4331209712291806,2025-07-07T13:19:53-04:00,regular,True,False,110703760.2745533,2025.0,Nasdaq,-1.7289970983521998,-0.18305555979410804,-1.1898201568058684,-2.5247403192340965,9.462897805890492,0.15509104535181192,-1.8398681155725285,0.008500510074705092,-5.652809250059182,-0.04658275889128627,-0.05461897977811736,-5.068342567561478,-0.08670517682049328,-0.09440321144522368,2.688159582477495,-0.07786463856035064,-0.0856371888484797,1.8378818795570036,-0.09758581933951649,-0.10519214254672327,0.8863506331926461,-0.07174432578370882,-0.07956846333421264,0.020930260044061698,0.035134648696991025,-0.018425426818709803,0.16405420631662504,0.20702782679640014,0.39160105789428973
1683695-2025-10-21,ok,IMXI,"International Money Express, Inc.",2025-08-11,ok,,cash,False,16.0,9.279999732971191,0.7241379806459602,0.5,-0.09902916882285018,2025-08-11T06:02:18-04:00,pre,True,True,3146289.006137848,2025.0,Nasdaq,0.8831845511578841,0.6395474774131789,0.8913691200552449,0.8348214862247285,34.833162743091094,0.025503364038233507,0.8363094735476726,-0.020703288261488373,0.8154762318683033,-0.029904693995593812,-0.009395932431724874,0.8035714817898593,-0.035162658037904304,-0.014765054965564683,0.7678570896387121,-0.05093661284471107,-0.03087248657207331,0.7693452188774714,-0.05027935166945341,-0.030201330254095993,0.7767857231554527,-0.0469931084730405,-0.026845612669198826,,,,,,
1178697-2025-11-24,suspect,SONM,SONIM TECHNOLOGIES INC,2025-04-21,no_reaction,,cash,False,4.0,29.520000457763672,-0.8644986470876557,,-0.2511415061145478,2025-04-21T16:05:32-04:00,post,True,False,45299.519495010376,2025.0,Nasdaq,-0.007053303367830533,0.006097571218988351,-0.014106531996295918,0.12695923640285414,12.95257521672616,0.1342281325534776,0.1057994010387277,-0.09696973044219537,0.11990600777438876,-0.10909096280259245,-0.013422841702009247,0.11285270440655823,-0.10303034662239396,-0.006711420851004624,0.04725710266871851,-0.046666718899332715,0.055704679276692426,0.15517244987417628,-0.1393939794830944,-0.04697987484037869,0.4549373198314179,-0.39696971759809707,-0.33221476319149923,,,,,,
1944048-2025-12-16,suspect,KVUE,Kenvue Inc.,2025-11-03,no_reaction,,cash,False,3.5,14.369999885559082,-0.7564370196330152,,-0.09108162529021169,2025-11-03T12:01:47-05:00,regular,True,False,390989094.77882385,2025.0,NYSE,-0.2479301450664111,0.1875435400112171,-0.25850970093843484,-0.16237353835371948,8.936671899184386,0.06474597991398731,-0.16283344275291298,-0.0542045775248059,-0.14719414887900276,-0.06416643614182449,-0.010532783708074978,-0.17111312569085457,-0.04893061621385997,0.005576217843329845,-0.22079122331850415,-0.017286848348184725,0.039033524903308914,-0.1720331099582989,-0.04834460809379704,0.006195810734284324,-0.22907090625644574,-0.012012887037238795,0.04460974274663876,,,,,,
1685040-2025-12-23,ok,BHF,"Brighthouse Financial, Inc.",2025-11-06,ok,,cash,False,70.0,51.79999923706055,0.3513513712548122,0.37,0.06507661200280213,2025-11-06T08:00:54-05:00,pre,True,True,35099033.37802887,2025.0,Nasdaq,0.758241684536706,0.26640925560453055,0.7802197894329117,0.7505494107026567,18.827423804077238,0.008219192398939548,0.7637361059613864,0.0015243670190105973,0.780769357334625,0.00625005597021655,0.004718496231171931,0.7752749359099447,0.004725688951205953,0.003196449370197474,0.7686813786818377,0.002896378747344164,0.0013699234621891154,0.7543955476196814,-0.0010670685434822635,-0.002587491276129561,0.7445054213762631,-0.0038109756984007204,-0.005327222075776072,,,,,,
1604778-2025-12-23,ok,QRVO,"Qorvo, Inc.",2025-10-28,no_reaction,SWKS,mixed,False,105.306396484375,92.12999725341797,0.14301964206851414,,0.0184611782649462,2025-10-28T11:10:54-04:00,regular,True,False,132315878.73268127,2025.0,Nasdaq,0.37029501617963423,0.09084991855105606,0.8134516232242358,0.29736612084103387,6.470567986230637,0.09228090394308607,0.30368088008104904,-0.03064678438860391,0.20989486212567468,-0.049950215353894545,-0.019913722525916944,0.23588936011412853,-0.044875643146571775,-0.014678714145486604,-0.48415636481733343,-0.12895521477087224,-0.10141652062325157,-0.8676151404726309,-0.13910451101426458,-0.11188669401303186,-5.733050012472673,-0.15970152290306283,-0.1331348949341039,0.020935319739194595,0.016151332570545754,0.0172139090922342,0.001623945093866569,0.02146867287099663,0.051880617663634915
78128-2025-12-31,no_offer_value,,,,,,,,,,,,,,,,,,,,,,,,,,,,,,,,,,,,,,,,,,,,,,,,
320017-2026-01-21,ok,LSTA,"LISATA THERAPEUTICS, INC.",2026-01-21,ok,,cash,True,4.0,2.1600000858306885,0.8518517782658737,0.85,0.07462691347220374,2026-01-21T08:58:41-05:00,pre,True,True,70114.99857902527,2026.0,Nasdaq,0.9945652223208002,0.8472221532353676,1.0923913501217166,0.9891304446416005,144.87591240875912,0.0471464137292178,1.01630446261292,0.010025112826065108,1.0326086660751985,0.01754384287606192,0.007444102086688886,1.059782684046518,0.030075218970135653,0.019851096660329803,1.3152173645442273,0.1478696523205807,0.1364763487007017,1.3858696039491447,0.1804511345587252,0.1687344399346722,1.2826086984690288,0.13283207271252762,0.12158802620545428,,,,,,
799288-2026-01-26,suspect,LE,"LANDS' END, INC.",2026-01-26,no_reaction,,cash,False,45.0,14.050000190734863,2.2028469316089274,,-0.01195499810841183,2026-01-26T16:13:15-05:00,post,True,False,2254794.963788986,2026.0,Nasdaq,0.08998380972215969,0.19822055914094094,0.19353798906969055,0.08368333489095003,17.766188309415472,0.18123675289963248,0.15218093916553097,0.11434518854145104,0.16478188882795028,0.13751117671237667,0.02078887979159072,0.113408701028708,0.043065068066348244,-0.06396592474940377,0.12794830573671,0.06979514156866884,-0.03997867755061868,0.14701131563085773,0.10484118758432093,-0.008528776410449246,0.06785135511266653,-0.04068901117875168,-0.13912583041088422,,,,,,
1465740-2026-02-12,suspect,TWO-PC,TWO HARBORS INVESTMENT CORP.,2025-12-17,no_reaction,UWMC,stock,False,11.943935733032228,24.040000915527344,-0.5031640899265655,,0.0029203839874059057,2025-12-17T08:38:30-05:00,pre,True,True,335759.1813240051,2025.0,NYSE,-0.03042298928160284,0.01622293572362299,-0.06757850325151817,-0.030253080885718465,39.43097558344421,0.019308958296908273,-0.044004631167341234,0.006958660424491558,-0.04794150347660636,0.009009431030805093,0.002036598608178286,-0.048898648538460314,0.009414635258420345,0.0024390026427631994,-0.03259420330655032,0.0016372905312751485,-0.005284596182899226,-0.05090029624546325,0.01268929439500277,0.00569103201127974,-0.0428136131816977,0.0012279483799482183,-0.005691109545775785,0.003139098007581847,0.005189868613895381,0.003685291633055778,0.016915540198913996,0.05088496409687552,-0.12195305339732905
69733-2026-03-06,ok,NATH,"NATHANS FAMOUS, INC.",2026-01-21,ok,,cash,True,102.0,92.7300033569336,0.09996760819024897,,-0.05493272766786783,2026-01-21T07:01:27-05:00,pre,True,True,3466910.9451293945,2026.0,Nasdaq,0.9018334421091704,0.090154132193633,0.9924487896253366,0.848974969486526,14.797814207650273,0.013195771594142255,0.8694714646549858,-0.0029676074115242423,0.8673135056792509,-0.003165493188412305,-0.00019847477209278264,0.8651563697237203,-0.003363303493989611,-0.0003968738482388323,0.9147787269029667,0.0011870882473961064,0.004167061862588195,0.9503776428207537,0.004451524324252443,0.007441214338598678,0.8975191701981092,-0.00039562061115461233,0.0025796421655792656,,,,,,
1679688-2026-03-06,ok,DBRG,"DigitalBridge Group, Inc.",2025-12-29,ok,,cash,False,16.0,13.920000076293945,0.1494252810564518,0.15,0.4621848116553422,2025-12-29T08:36:15-05:00,pre,True,True,36463663.0961895,2025.0,NYSE,0.6514421115083735,0.09734192060414726,0.6730767643663247,0.6394230636971937,28.277785012045054,0.004587135896088248,0.6442308662205793,-0.0009819567936513174,0.6538460127700664,0.00032733974244103514,0.0013105834724369547,0.682692369413096,0.004255354218062557,0.005242458879826328,0.692307515962583,0.0055646507541551316,0.006553042352263283,0.6875001719364816,0.004910033702944849,0.0058977818635645995,0.7019231210093543,0.006874009723919494,0.007863688319739603,,,,,,
1038074-2026-03-13,ok,SLAB,SILICON LABORATORIES INC.,2026-02-04,ok,,cash,False,231.0,136.6199951171875,0.6908213164687707,,-0.009497554035785671,2026-02-04T07:05:45-05:00,pre,True,True,38719958.88748169,2026.0,Nasdaq,0.7270608902932248,0.5022691613853221,0.7510065820702286,0.6895528550974506,29.00274819649605,0.028513853533931283,0.7076711706876058,-0.008916399250026519,0.7268489357326611,-9.746770573737518e-05,0.008898272090887005,0.7404111174774723,0.006139127232082986,0.015190975282727504,0.7467684609027098,0.009062563635594545,0.018140712722938712,0.7222928018873171,-0.0021926144756716504,0.006784276088583008,0.7059758575510146,-0.00969599220377304,-0.0007866066527149052,,,,,,
1334978-2026-04-02,ok,CCO,"Clear Channel Outdoor Holdings, Inc.",2026-02-10,ok,,cash,False,2.43,2.190000057220459,0.10958901210447847,0.71,0.06310685342326261,2026-02-09T17:30:57-05:00,post,False,True,4119193.020606041,2026.0,NYSE,0.7499994635580686,0.0821917002902175,0.7916670938333888,0.7083328266937314,31.511873867698185,0.008474669590729235,0.7083328266937314,-0.0042194054625018795,0.7499994635580686,0.0,0.004237284282951448,0.7916670938333888,0.0042195060610632495,0.008474669590729178,0.833333730697726,0.00843891152356524,0.012711953873680848,0.8750003675620631,0.012658316986067009,0.016949238156632296,0.7083328266937314,-0.0042194054625018795,0.0,,,,,,
874761-2026-05-04,ok,AES,AES CORP,2026-03-02,ok,,cash,False,15.0,17.280000686645508,-0.13194447893787176,0.40299999999999997,0.14893621878151242,2026-03-02T07:07:28-05:00,pre,True,True,110763818.58820915,2026.0,NYSE,1.2850874661299323,-0.1695601961081038,1.2850874661299323,1.3552632349459626,10.416628247501672,0.011259732628916332,1.3464911069896777,-0.00975612122655678,1.359648880646022,-0.011846694897197918,-0.0021111705060279373,1.311403431720704,-0.004181213799421046,0.005629832758007991,1.3552632349459626,-0.011149881312410015,-0.0014074917459521163,1.3508771709678202,-0.010453001269483342,-0.0007037458729760582,1.4298242311839695,-0.022996509751469163,-0.01337083602204392,,,,,,
1386278-2026-05-08,no_offer_value,,,,,,,,,,,,,,,,,,,,,,,,,,,,,,,,,,,,,,,,,,,,,,,,
717954-2026-05-11,suspect,UNF,UNIFIRST CORP,2026-03-11,no_reaction,CTAS,mixed,False,461.5281590576172,257.9100036621094,0.7894930499177928,,0.29058250794817697,2026-03-11T07:06:43-04:00,pre,True,True,33836649.77340698,2026.0,NYSE,0.09040877856403447,0.0709549359587609,0.12601811664569879,0.0815755312048491,13.970175438596492,0.03317688759575807,0.08274517467934511,-0.004778888698728667,0.07437153235170632,-0.012055996072854569,-0.007312050851303709,0.07620961654568283,-0.010499236038519655,-0.005747815510375953,0.050243348147323216,-0.030737447945491048,-0.026083207994674673,0.022797311017897663,-0.0506860737594893,-0.04612762384103375,-0.00348459059786708,-0.06860715497518521,-0.06413475915216449,-0.014896684277905825,-0.007975313918064449,-0.009269440248091596,-0.004800084058412608,-0.0007398855068734417,-0.011114500308203143
314808-2026-05-19,ok,VAL,Valaris Ltd,2026-02-09,ok,RIG,stock,False,82.11664796590804,62.40999984741211,0.31576106660274394,,0.17091933847565977,2026-02-09T09:00:19-05:00,pre,True,True,52159891.37058258,2026.0,NYSE,0.6835431387789109,0.1874699694206874,0.8933421302169633,0.47514715702178445,16.818728385208832,0.12264383734334687,0.8709677753437348,0.131021441161834,0.8500907174179896,0.07691265552959692,-0.04784063649284509,0.896896489126816,0.19309131616165387,0.05487948569397494,0.8527956226885054,0.20037779451923088,0.061321873161087836,0.9001554979684843,0.2942922328831741,0.1443569377019247,0.9122833318077322,0.22911881780725984,0.08673343676372403,0.030290720393811046,0.03168658562566902,0.032744492540519476,0.011250806974981736,0.02293610753384956,0.03588037827399432
1974138-2026-05-27,suspect,NATL,NCR Atleos Corp,2026-02-26,no_reaction,,cash,False,30.0,40.56999969482422,-0.26053733730179696,0.24,0.11793878951007675,2026-02-26T16:17:28-05:00,post,True,False,14339610.20488739,2026.0,NYSE,-0.043519309153613565,0.011338404928096235,-0.139072967184941,0.005676572849892921,1.0933584803987606,0.03654173950381966,-0.1229895245595053,0.0204728290904006,-0.3509933010016378,0.07921033625864737,0.05755910935972941,-0.7152319386530257,0.17304417499522118,0.1495104441348185,-0.5458846380656994,0.12941753671146494,0.10675904787996404,-0.35383176787584514,0.07994157181523431,0.05827567479463536,-0.27530746749567464,0.059712425928115875,0.03845236807793473,,,,,,
1820872-2026-05-28,no_prices,,,,,,,,,,,,,,,,,,,,,,,,,,,,,,,,,,,,,,,,,,,,,,,,
1821825-2026-06-01,ok,OGN,Organon & Co.,2026-04-27,ok,,cash,False,14.0,11.260000228881836,0.24333922872311153,1.03,0.8611570039494727,2026-04-27T06:06:01-04:00,pre,True,True,30643069.375109673,2026.0,NYSE,0.7135036813920026,0.17362343552103066,0.7226276305228712,0.6897808567615863,33.150699183769525,0.006838917449196551,0.6934305756364733,-0.0041619602376630205,0.7518246854092691,0.00794548172712406,0.012158043257392004,0.759124123159043,0.009458948055745653,0.013677834898393026,0.7299270682726451,0.003405227073352224,0.0075988132696971356,0.755474404284156,0.008702214891434856,0.012917939077892626,0.7846714591705539,0.014755935873828285,0.018996960706588517,,,,,,
1943802-2026-06-23,no_prices,,,,,,,,,,,,,,,,,,,,,,,,,,,,,,,,,,,,,,,,,,,,,,,,
733269-2026-06-24,ok,RAMP,"LiveRamp Holdings, Inc.",2026-05-18,ok,,cash,False,38.5,29.65999984741211,0.2980445110608858,0.3,0.030576759547296994,2026-05-18T06:04:40-04:00,pre,True,True,18532007.61127472,2026.0,NYSE,0.9208143946994696,0.27444367604602893,0.9332579024430029,0.9117648454939752,19.688237504697483,0.005030411024788058,0.9174208676882633,-0.0007936185159354014,0.9072398551278118,-0.0031745749816607383,-0.002382847537651833,0.9128958773220999,-0.0018518438157952843,-0.0010590657940837689,0.90497735994473,-0.0037036876315906797,-0.002912380434693662,0.8959278107392357,-0.005820037313391424,-0.005030411024788073,0.899321337750442,-0.005026418797456023,-0.0042361621782618375,,,,,,
1023459-2026-07-09,ok,SLP,"Simulations Plus, Inc.",2026-06-16,ok,,cash,False,18.5,16.3700008392334,0.13011600803719614,0.26,0.22713648065871306,2026-06-16T09:00:11-04:00,pre,True,True,3548689.4785881042,2026.0,Nasdaq,0.859155232271277,0.11178984910740875,1.0328637194387558,0.8262906173633268,8.796925566343042,0.024122836599720192,0.8779341167494826,0.002197747609997913,0.8826290617363327,0.002747210712340298,0.0005482581692610733,0.8779341167494826,0.002197747609997913,0.0,0.8450703973107269,-0.0016483893070267097,-0.0038377026152740523,0.9295776161356385,0.00824173693639163,0.0060307352923183455,0.8732391717626327,0.0016482845076557506,-0.0005482581692610733,,,,,,
356171-2026-07-23,ok,TCBK,TRICO BANCSHARES /,2026-07-13,ok,FHB,stock,False,63.12234824180604,53.63999938964844,0.17677757196223087,,0.02542531029327222,2026-07-13T07:12:16-04:00,pre,True,True,6212293.981552124,2026.0,Nasdaq,0.48392604914550974,0.04623414560878847,0.915189637426954,0.334759629870266,26.138605788830006,0.07158314065100696,0.8679455320726918,0.07038490445685386,0.8433450383314056,0.0479330451283726,-0.020975500714739748,0.8784373797643412,0.05898078111705796,-0.01065422661727733,0.9030004458727111,0.06557377717776425,-0.004494763761201392,0.8580688279932661,0.025837505177064957,-0.04161811241386448,0.9339236734023683,0.013898834797571258,-0.052771736058764285,0.029694413310493127,0.03001424512801913,0.0328492482184542,0.0353358422286859,0.03554342987377035,0.043016751293085215
1739445-2026-07-24,ok,ACA,"Arcosa, Inc.",2026-06-22,ok,,cash,False,150.0,135.83999633789062,0.10424031245471732,0.25,0.12974050857681907,2026-06-22T07:21:11-04:00,pre,True,True,31220483.642196655,2026.0,NYSE,0.6468927466890807,0.06743230203955997,0.7824858026487355,0.5734469121434498,16.927051671732524,0.020427823186747157,0.6398301705837347,-0.0006896972656249556,0.6412429013243677,-0.0005517367658943728,0.00013805571638059178,0.6002823306285628,-0.004551749393857718,-0.0038647176134031236,0.6200562506061488,-0.0026207233297413923,-0.0019323588067016173,0.6292373840235347,-0.0017241379310344307,-0.0010351546087126184,0.6221748079181888,-0.0024138351966594973,-0.0017253278849590492,,,,,,
730272-2026-07-24,suspect,RGEN,REPLIGEN CORP,2026-07-21,no_reaction,,cash,False,31.0,145.49000549316406,-0.7869269446040639,,0.10203000139966623,2026-07-22T13:00:39-04:00,regular,False,False,129752690.20652771,2026.0,Nasdaq,0.1182636727686271,-0.09306487066947056,0.06480913453522669,0.14403008736119455,1.9966488247614615,0.0662092631616936,0.07424228834112089,0.03819635211434558,0.04716576902947096,0.061690030904975046,0.02262932126739159,0.06891430702324083,0.042819320090546675,0.004452884049136019,0.0013102379952492377,0.10147783023368095,0.06095328498357677,-0.037470461003593525,0.13512695902561145,0.09336442640533393,-0.18045233131335534,0.2591890696417163,0.21286215953013765,,,,,,
36377-2026-07-24,no_offer_value,,,,,,,,,,,,,,,,,,,,,,,,,,,,,,,,,,,,,,,,,,,,,,,,
715957-2026-07-24,no_offer_value,,,,,,,,,,,,,,,,,,,,,,,,,,,,,,,,,,,,,,,,,,,,,,,,
834365-2026-07-24,suspect,BLFS,BIOLIFE SOLUTIONS INC,2026-07-22,no_reaction,,cash,False,11.25,29.190000534057617,-0.6145940461058235,0.24,0.17228919603415482,2026-07-22T17:17:19-04:00,post,True,False,15178634.534454346,2026.0,Nasdaq,-0.027313252872425493,0.016786562595175525,-0.12820508186129578,-0.02564097384497764,15.613596280262946,0.05906902648863358,-0.10925301148970197,0.04952827824257611,-0.08807134206638147,0.036725072148931615,-0.012199010125847676,-0.04403561787408884,0.010107790902152747,-0.03756019552558665,-0.1287625082037784,0.061320743804266,0.011235967439997108,-0.2569675900650742,0.13881397875748314,0.08507221993524072,-0.4057971276436154,0.22877361339997226,0.1707865703795428,,,,,,
1326200-2026-07-27,ok,GNK,GENCO SHIPPING & TRADING LTD,2026-03-06,no_reaction,,cash,False,23.5,23.15999984741211,0.014680490277545477,,0.1459673872625724,2026-03-06T16:31:08-05:00,post,True,False,6701778.342342377,2026.0,NYSE,-2.4117627259365637,-0.03540585924985851,-2.235293787656094,-4.6617599210133625,2.5234994337485843,0.037162109335062206,-2.823525451873128,-0.0062667586701972144,-4.67646893828047,-0.034467343442451726,-0.028378425516406014,-2.9117627259365637,-0.007609672118746746,-0.0013513822348867333,-9.999994390153597,-0.11548790985156665,-0.10990993018932416,-4.588231664217034,-0.033124429993902305,-0.02702704328151928,2.294118637031718,0.0716204284038191,0.07837836537478449,,,,,,
715957-2026-07-28,ok,D,"DOMINION ENERGY, INC",2026-05-18,ok,NEE,stock,False,75.9763684967041,61.72999954223633,0.23078517835919077,,-0.011054127634567368,2026-05-18T08:08:12-04:00,pre,True,True,281848191.99256897,2026.0,NYSE,0.5562058053401264,0.11193908794190444,0.6746965046744594,0.4398570460800029,8.872351489804274,0.03730024220731175,0.543298117677836,-0.015734292550380835,0.5535934413741999,-0.007430101118377608,0.008436940725610187,0.5938173341368211,-0.013257518077019137,0.002516367739539893,0.5781507145090434,-0.019813528881771236,-0.004144446261325485,0.5927680886640676,-0.03161419271913002,-0.016133753364115933,0.8017549438756036,-0.0020396181656952006,0.013913594958185227,0.00892633543860456,0.005137384744901061,0.020532327314366362,0.021327016259813834,0.032882806496811856,0.05593651147710374
1590714-2026-07-28,ok,ESI,Element Solutions Inc,2026-07-06,no_reaction,SOLS,stock,False,40.095001220703125,43.63999938964844,-0.08123277311012522,0.15,0.029002583038476137,2026-07-06T09:13:10-04:00,pre,True,True,118037801.65309906,2026.0,NYSE,-0.04175679312750262,0.006645300632065032,-0.06968300910052473,0.2672907192739259,6.483423432880211,0.07655958652719586,0.1372854901817645,-0.03664922829881867,0.4027005268766477,-0.12201230532930485,-0.08861058665032617,0.3273695593552799,-0.10448440975874751,-0.0704158687080706,0.3081618089406794,-0.09856594129239127,-0.06427224102829532,0.46608249750887,-0.17004327723218837,-0.13846882449453912,0.47504997558136824,-0.1420441983864864,-0.10940456288995415,0.02412924086569751,0.00648759038088445,0.036421588216588696,0.04177093476841673,0.02253580370799338,-0.015023941501839277
1376339-2026-07-29,suspect,MDXG,"MIMEDX GROUP, INC.",2026-07-29,no_reaction,,cash,True,33.0,4.360000133514404,6.5688071076732175,,0.1150895237354228,2026-07-29T16:07:48-04:00,post,True,False,4629645.375275612,2026.0,Nasdaq,0.0017458000743992505,0.011467823937290289,0.0034916167981406945,-0.004888280166739166,1.163673469387755,0.05673764701492613,-0.004539110162254,-0.040816289017391094,-0.003142463442997722,-0.03174600256908189,0.009456255714577644,-0.008030726960394695,-0.06349200513816389,-0.02364063928644422,-0.006983250245623583,-0.056689344365103755,-0.016548503864241004,-0.0027932934385125558,-0.029478376893832925,0.011820376006952182,0.0020949700788844166,0.002267625675248963,0.044917271007973936,,,,,,
1571949-2026-07-30,ok,ICE,"Intercontinental Exchange, Inc.",2026-07-30,no_reaction,,cash,True,167.0,154.27999877929688,0.08244750662008715,0.33,0.2531881895411543,2026-07-30T07:32:52-04:00,pre,True,True,559879159.714508,2026.0,NYSE,0.05896225849249896,0.004861291197395534,0.33569212756922234,-0.2531447257616798,2.110717870160055,0.04792989881861805,0.1564469577192431,0.007998487408423127,-0.1415096603000415,-0.0164484491507223,-0.0242529496467786,-0.1949681988632683,-0.020834649764380986,-0.028604345674103637,-0.3561319453274761,-0.03405791666691271,-0.04172268569912585,0.07547221869009546,0.0013546198511305008,-0.006591148340285735,0.5471702866300872,0.04005680682941781,0.031803936039048075,,,,,,
1845815-2026-07-31,ok,PAYO,Payoneer Global Inc.,2026-06-15,ok,,cash,False,7.4,6.75,0.09629629629629632,,0.3860369935563339,2026-06-15T08:10:48-04:00,pre,True,True,16953348.265504837,2026.0,Nasdaq,0.4230770697960484,0.04074075486924911,0.4615387549767125,0.3615386669452372,22.814920132894223,0.009246096056977359,0.43076955355130686,0.0007117600531016954,0.41538458604079004,-0.0007117600531016954,-0.00142250762210272,0.41538458604079004,-0.0007117600531016954,-0.00142250762210272,0.4769229888916013,0.004982184617362551,0.004267387208514606,0.5692305931678182,0.013523101623058587,0.012802229454440761,0.5538463592529294,0.012099649394029965,0.011379789661234652,,,,,,
1418819-2026-08-06,ok,IRDM,Iridium Communications Inc.,2026-06-29,ok,,cash,False,54.0,43.52000045776367,0.2408088104780055,,-0.1509948910887523,2026-06-29T07:09:00-04:00,pre,True,True,105954888.26637268,2026.0,Nasdaq,0.7862593724895524,0.18933818421639215,1.1116410515315391,0.7423663281608026,5.091566783333008,0.07089208501680697,1.0562977269426475,0.05467546218751229,1.0811067281725961,0.05969861384833908,0.004762746305302601,1.1641222610527036,0.07650701367048685,0.02069978136942119,0.7223282467060925,-0.012944323621946086,-0.06411430647035965,0.5095420215494005,-0.056027778308006315,-0.1049642704931315,0.18320594015365804,-0.12210200733710175,-0.1676131434384167,,,,,,
1754301-2026-08-10,no_offer_value,,,,,,,,,,,,,,,,,,,,,,,,,,,,,,,,,,,,,,,,,,,,,,,,
1571776-2026-08-10,ok,CHMI,Cherry Hill Mortgage Investment Corp,2026-08-10,ok,MITT,mixed,False,3.101667046737671,2.4100000858306885,0.28699872874426724,0.29,0.04782614599779689,2026-08-10T06:46:05-04:00,pre,True,True,420601.4931678772,2026.0,NYSE,0.707183754114435,0.1535269180007306,0.8556081728927011,0.1974479191924253,28.247582205029012,0.1075268660996805,0.8336695152046538,0.003597118908694741,0.8599947175514054,0.046762631575110625,0.04301079771268568,0.838853113507938,0.039568393757721365,0.03584234566968614,0.8680482787429264,0.050359750483805366,0.046595023734185226,0.8943944734472666,0.053956869392500106,0.050179249755684996,0.9384729753600822,0.06834534502727885,0.06451615384168385,0.02783666438682477,0.025828452393255135,0.021939633409990437,0.02722197625848351,0.03302269021064462,0.04190215196783243
1428439-2026-08-10,ok,ROKU,"ROKU, INC",2026-06-15,no_reaction,FOXA,mixed,False,159.8284035209656,143.66000366210938,0.11254628599957828,,0.1415177227169424,2026-06-15T11:16:53-04:00,regular,True,False,256206809.30633545,2026.0,Nasdaq,0.031699832344584115,0.0016705431453243325,0.4096802851668474,-0.7418538698785606,12.08987412275816,0.044286769080688786,-0.509333768513158,-0.02084781186410667,-1.8580254615120475,-0.04134813898965395,-0.02093681388240143,-3.055934667086621,-0.04593468304874648,-0.025621013248614766,23.392349878452624,-0.06146630712900414,-0.04148333196520437,-1.904313788831658,-0.04002776060560109,-0.019588322401657643,-0.05142806530820914,-0.004030483647433969,0.017175397676115534,-0.005894043452028154,-0.01009343711925928,-0.007809331521329968,-0.006299065950525068,-0.0075605896371716205,0.002638070696231301
1725262-2026-08-10,suspect,TYFG,"Tri-County Financial Group, Inc.",2026-08-10,no_reaction,HBT,mixed,True,160.39101124801635,69.80000305175781,1.2978653901932335,,0.07633006467397307,2026-08-10T08:40:34-04:00,pre,True,True,0.0,2026.0,OTC,0.01321403402143355,0.017191932604248894,0.11944245807097952,0.01339538561263491,23600.0,0.11964735286439078,0.1071633403984334,0.11830988064618175,0.120845740473783,0.13661967532735475,0.016372738002272902,0.1084067476261885,0.12183100740674524,0.0031486145490629003,0.12179253348334501,0.14098594558071076,0.020277085383012317,0.1138922894904451,0.12676056338028174,0.007556655700132975,0.12028520932404592,0.13732394366197176,0.017002499347321676,0.13562607782928035,0.14527777391890404,0.12113834366596929,0.12366974839761216,0.14442302637771826,0.13420702288453001
1590895-2026-08-12,ok,CZR,"Caesars Entertainment, Inc.",2026-05-28,no_reaction,,cash,False,31.0,28.780000686645508,0.07713687492664367,0.49,0.053826482953114985,2026-05-28T07:23:56-04:00,pre,True,True,112922310.18457413,2026.0,Nasdaq,0.2139633428099378,0.01650446361321678,0.2274771698030533,0.09459421145285883,21.685725266775187,0.010144431811138378,0.13513483326588877,-0.005981857531386803,0.12162100627277328,-0.007007346764206224,-0.0010316604788245254,0.1666662370835084,-0.0035891145188321483,0.002407142194218226,0.21621607689194866,0.0001709474708151415,0.006189831693536041,0.32882872433562815,0.008716495485572073,0.014786805581290308,0.6351352628490471,0.03196039651728766,0.038170585050335104,,,,,,
817720-2026-08-12,ok,SYNA,SYNAPTICS Inc,2026-06-26,ok,ON,stock,False,160.29899711608888,125.62000274658203,0.2760626780073083,0.19,-0.11310361982560979,2026-06-25T16:59:15-04:00,post,False,True,83398404.20150757,2026.0,Nasdaq,0.08484743014824672,0.004776297253642703,-1.3477260820885066,1.622205403963124,10.014966163456533,0.07958681721332644,1.4248270680743063,-0.04135637117904667,1.3618711167010538,-0.07003647505776744,-0.02991737807092587,-0.6918867271410853,-0.01576610556586755,0.02669424261928599,-0.6375778032455003,-0.015924592907552437,0.02652891805349311,1.7870467997784452,-0.056013307133961354,-0.015289243587777612,1.6986709770292074,-0.077642235437963,-0.03785125480210483,0.04035808830658394,0.03392487434045213,0.02434243468955457,0.022579589417445985,0.02869591030124198,0.021292163858744884
1097864-2026-08-12,ok,ON,ON SEMICONDUCTOR CORP,2026-06-25,no_reaction,SYNA,stock,False,175.64850082397462,115.73999786376953,0.5176127878516095,0.19,-0.08866143414354699,2026-06-25T16:55:15-04:00,post,True,False,1077830210.0746155,2026.0,Nasdaq,0.07595616059295598,0.04544671015478752,0.10325560541071041,-0.06648455462916583,0.8413748044902889,0.07697489939434532,0.055713404171158866,-0.018677703605210483,-0.526990027559724,-0.25082643367042223,-0.23656726329166933,-0.6359571932788143,-0.26801653144773374,-0.2540845436392829,-0.5375777850325312,-0.24611569239088327,-0.23176686153085602,-0.3571299062299889,-0.20694215632667223,-0.1918477277170948,-0.7859276997080433,-0.28256200364798556,-0.2689068627221055,0.10862390502425265,-0.0719793398518207,-0.04878097723338232,-0.050756164424675565,-0.09235954915196438,-0.01445871148227662
1997350-2026-08-13,ok,ARX,Accelerant Holdings,2026-08-13,ok,,cash,False,20.25,13.609999656677246,0.48787659888478263,0.49,0.07334379567182303,2026-08-13T07:57:39-04:00,pre,True,True,21737503.93486023,2026.0,NYSE,0.9036145547353733,0.4408523956670811,0.9051206132240438,0.8795181934192167,46.48062066907596,0.008713484074812254,0.8885542570999541,-0.0050994583558013895,0.899096379269362,-0.0015298666859638876,0.0035878879550494958,0.8930724325659655,-0.003569591669837502,0.001537708164713214,0.8975903207806916,-0.00203982224795185,0.0030753185668117577,0.9156627353934517,0.004079547231825353,0.009226053463049944,0.9382530382209379,0.01172868613348843,0.016914398761386673,,,,,,
842717-2026-08-17,ok,BRBS,"BLUE RIDGE BANKSHARES, INC.",2026-08-17,ok,HTB,stock,False,4.298279960632324,3.690000057220459,0.16484549972339568,,0.06647399321898972,2026-08-17T08:32:23-04:00,pre,True,True,777892.5033211708,2026.0,NYSE,0.36386758370817496,0.04336039158021898,0.8555138749998951,0.32652079845081927,29.387237762237763,0.05565005540847778,0.7366920942724021,0.03896106469689564,0.674729957634999,0.028571463958231513,-0.009999990463256836,0.6932893251459562,0.02337666358889945,-0.014999985694885254,0.6902502264709031,0.020779263404233417,-0.017499983310699463,0.6911537629096243,0.01298706285023532,-0.02499997615814209,0.7573611542056283,0.041558526808466834,0.0025000572204589844,0.043875377800566856,0.03884676843734264,0.04392735775854325,0.044680555880671775,0.048280611119471205,0.04602607642894779
1130713-2026-08-19,no_offer_value,,,,,,,,,,,,,,,,,,,,,,,,,,,,,,,,,,,,,,,,,,,,,,,,
1881592-2026-08-19,no_prices,,,,,,,,,,,,,,,,,,,,,,,,,,,,,,,,,,,,,,,,,,,,,,,,
866829-2026-08-24,no_offer_value,,,,,,,,,,,,,,,,,,,,,,,,,,,,,,,,,,,,,,,,,,,,,,,,
1739566-2026-08-24,ok,UTZ,"Utz Brands, Inc.",2026-07-21,ok,,cash,False,14.25,7.449999809265137,0.9127517268226093,0.91,0.05673753300829043,2026-07-21T08:16:19-04:00,pre,True,True,12956907.02791214,2026.0,NYSE,0.9749999894815335,0.8899329240512956,0.9838235803541413,0.9705882641683392,36.07626327459447,0.006401148641668688,0.972058886021477,-0.0014204193322248093,0.972058886021477,-0.0014204193322248093,0.0,0.9764706113346714,0.0007102435323880218,0.002133693604257303,0.9749999894815335,0.0,0.0014224397932058874,0.9794117147947279,0.00213066286461272,0.0035561333974631903,0.9867646838141979,0.005681812794001706,0.007112334623823324,,,,,,
842023-2026-08-25,ok,TECH,BIO-TECHNE Corp,2026-06-25,ok,,cash,False,73.0,58.880001068115234,0.23980976011787214,0.36,0.22743380383120604,2026-06-25T08:21:30-04:00,pre,True,True,122069621.68197632,2026.0,Nasdaq,0.8038245855096066,0.19276498102790662,0.8526910773089524,0.7932012471791635,22.489603271271967,0.011881136833790341,0.8371102531343603,0.006692205166500154,0.8583569297952464,0.010963927185835498,0.004243324819058092,0.8512748843500952,0.009540056057524948,0.0028289191834496297,0.8463173985059461,0.008543335404267216,0.0018388244473004356,0.8796036064561324,0.015235649205171065,0.008486649638116406,0.9008497427915859,0.019507262590102714,0.01272986654494157,,,,,,
1096056-2026-08-26,ok,LXFR,LUXFER HOLDINGS PLC,2026-07-27,no_reaction,,cash,True,17.37,17.049999237060547,0.01876837403276177,0.307,-0.09018145969575853,2026-07-27T08:31:57-04:00,pre,True,True,2205277.06489563,2026.0,NYSE,0.31250044703376906,0.005865125275335004,1.0937485843930583,-0.28124980628536544,16.318975552968567,0.025700964514515735,0.218754485238825,-0.0017491999979091233,0.0,-0.0058309261629182485,-0.004088878431152354,0.0,-0.0058309261629182485,-0.004088878431152354,0.28124980628536544,-0.0005831037378584147,0.0011681395697837882,0.09375192224521073,-0.004081614949342893,-0.002336501960658488,0.218754485238825,-0.0017491999979091233,0.0,,,,,,
1521036-2026-08-26,ok,LNTH,"Lantheus Holdings, Inc.",2026-08-03,ok,,cash,True,102.5,99.63999938964844,0.028703338296574676,0.38,-0.09327509379316223,2026-08-03T08:37:46-04:00,pre,True,True,88472441.5966034,2026.0,Nasdaq,1.0541953658107164,0.030258926215546156,1.1398606435366239,0.48251641920046096,9.044928410774041,0.018578958765230892,0.541958993346956,-0.01427106673139511,0.513986331115652,-0.015050393914737503,-0.0007906100318656462,0.6503497249683887,-0.01125126679685673,0.0030635196275763388,0.46853275570470515,-0.016316744847120757,-0.002075294786105575,0.44405734315728823,-0.01699863755236264,-0.002767059714807396,0.4615382563369311,-0.01651161380332178,-0.0022729849924332246,,,,,,
944148-2026-08-27,ok,CBZ,"CBIZ, Inc.",2026-07-29,ok,,cash,True,55.0,46.70000076293945,0.177730173478869,0.54,0.4444787540371129,2026-07-29T08:12:38-04:00,pre,True,True,22174226.387786865,2026.0,NYSE,0.9457830356260585,0.16809418299519074,1.0144577039656768,0.9216865559485153,25.58868351565447,0.014025508859060907,0.9879519899622896,0.006416174036911304,1.0301204846963983,0.012832278143532605,0.006375199715725088,1.0096387757118663,0.009715904700399403,0.0032786939922202496,0.9759035203224569,0.004582951484812359,-0.0018215352648254246,0.9493978063190696,0.0005500017307746852,-0.005828773878510329,0.9686748981406796,0.0034830878838429946,-0.0029143869392551647,,,,,,
2002473-2026-08-28,ok,BOW,Bowhead Specialty Holdings Inc.,2026-08-03,ok,,cash,False,34.0,30.59000015258789,0.11147433247474581,0.11,-0.02827189970108912,2026-08-03T12:03:12-04:00,regular,True,False,4885507.918643951,2026.0,NYSE,0.9545458104889637,0.1064073570408226,1.3137829157488832,0.8533724274564246,7.837930054023316,0.04660135823156561,0.9090905022983272,-0.0045797780589035275,0.8475071903131296,-0.010784507764872608,-0.006233276729972093,0.8885627316365947,-0.0066480212942265915,-0.0020777589099907345,0.8416419531698346,-0.011375450505079598,-0.006826938308450603,0.8387098939379871,-0.011670865519781692,-0.007123712483005695,0.8592376645997196,-0.009602622284458628,-0.005045953573014961,,,,,,
714562-2026-08-28,no_offer_value,,,,,,,,,,,,,,,,,,,,,,,,,,,,,,,,,,,,,,,,,,,,,,,,
1666138-2026-08-28,ok,ATKR,Atkore Inc.,2026-08-03,ok,,cash,False,95.0,72.95999908447266,0.3020833496723261,0.3,0.054182922259874866,2026-08-03T06:04:52-04:00,pre,True,True,27585702.952575684,2026.0,NYSE,0.9274047909410983,0.28015354574965023,0.9364790622629877,0.9228676552801535,24.70645656114907,0.003206792224232261,0.9342106675131463,0.00160601202814048,0.9333030326842002,0.0013918335256337677,-0.00021383508079486635,0.9401089092562483,0.0029978455537744697,0.0013896018084151862,0.9432849388350358,0.0037473069422180316,0.002137861482821579,0.9414700153384055,0.0033190316223694616,0.0017102728754196939,0.9405627266707214,0.003104934805027826,0.0014965193488125639,,,,,,
1500435-2026-09-01,ok,GPRO,"GoPro, Inc.",2026-09-01,ok,,cash,False,1.14,0.8759999871253967,0.3013698821399782,,0.15567278151595532,2026-09-01T16:17:39-04:00,post,True,False,3738018.0015563965,2026.0,Nasdaq,1.7954545969723323,0.5410959402772337,2.893939247390792,1.0757574456289847,94.36329178374098,0.39024391189445073,1.3409091465318805,-0.08888889085118168,3.0833334484786654,0.2518518721288774,0.3739837650518687,1.9469695966023772,0.029629600849335302,0.13008127165877692,2.041666471371155,0.048148101380169894,0.15040645521200458,1.4924241461619254,-0.059259290001846376,0.03252029368516429,1.5681816459769478,-0.044444489577178836,0.04878044052774633,,,,,,
703604-2026-09-01,ok,DSGR,"Distribution Solutions Group, Inc.",2026-07-16,ok,,cash,False,35.0,27.479999542236328,0.27365358744659174,0.81,-0.010086479983317576,2026-07-16T21:27:47-04:00,overnight,True,False,1870016.9842720032,2026.0,Nasdaq,0.9614360508146053,0.26310042440590053,0.977393861888691,0.9188829024974599,34.3495994173343,0.012779623511653163,0.9242021728554884,-0.008066804571658204,0.9335106423452676,-0.006050103428743681,0.002033101777628943,0.9335106423452676,-0.006050103428743681,0.002033101777628943,0.9335106423452676,-0.006050103428743681,0.002033101777628943,0.9414895478823105,-0.004321455348258452,0.00377580792805543,0.9813830610204416,0.004321565250228199,0.012489117088713586,,,,,,
1114483-2026-09-03,ok,ITGR,Integer Holdings Corp,2026-08-03,ok,,cash,False,127.0,121.20999908447266,0.04776834385991724,0.518,0.2740172363051405,2026-08-03T16:44:58-04:00,post,True,False,42207679.846191406,2026.0,NYSE,0.6718478021681181,0.032093056835496236,0.7478413033481046,0.5457691126844264,28.30758883533236,0.009401351527810048,0.5595850347934596,-0.005195855585988451,0.6632130155605364,-0.0003996436688495919,0.004821262500835255,0.6545769112684426,-0.0007993483240671395,0.004419470190799135,0.6683941510619879,-0.00015984527026624562,0.005062313364897264,0.6683941510619879,-0.00015984527026624562,0.005062313364897264,0.6977547973598873,0.0011990529792846871,0.006428309131180754,,,,,,
1172052-2026-09-03,ok,SAFT,SAFETY INSURANCE GROUP INC,2026-07-24,ok,,cash,False,105.0,72.94000244140625,0.4395392992253875,,-0.00856323577587681,2026-07-23T17:07:20-04:00,post,False,True,7122900.301361084,2026.0,Nasdaq,0.9379289452492142,0.41225663131804646,0.9507173439995735,0.9335621517273941,16.87647360328037,0.005329413164993794,0.9438551719017422,0.001844430716159584,0.937616963434113,-9.709868967133772e-05,-0.001937954982135226,0.9385526709070175,0.000194123314743333,-0.0016472691276393503,0.9497816365266691,0.0036889354969182886,0.001841108982799211,0.9532127225755848,0.004756798889504976,0.002907006401446699,0.9560198449942982,0.00563046490274921,0.003779063964934437,,,,,,
915840-2026-09-03,ok,BZH,BEAZER HOMES USA INC,2026-08-07,no_gap,,cash,False,33.5,33.459999084472656,0.001195484656958845,,0.06526581493216566,2026-08-07T06:10:15-04:00,pre,True,True,12082972.080612183,2026.0,NYSE,-9.49971390425329,-0.011356762218033278,-6.999809269502194,-11.249761586877742,15.443465841466317,0.005123628151867719,-6.999809269502194,0.003022928312755413,-9.99971390425329,-0.000604608726015754,-0.0036166043032268558,-7.249856952126645,0.0027205662910858575,-0.00030145075763932105,-8.999809269502194,0.000604493408692397,-0.00241114618200311,-8.249761586877742,0.0015114641563775955,-0.001506908878863067,-4.999904634751097,0.005441247899494961,0.00241103121222519,,,,,,
714256-2026-09-04,ok,SMTI,Sanara MedTech Inc.,2026-07-29,ok,,cash,True,33.0,26.639999389648438,0.23873876711959996,,0.0838079524953792,2026-07-29T16:07:48-04:00,post,True,False,1039723.9849090576,2026.0,Nasdaq,0.012578603149164246,0.003003000207918216,0.6650945037175301,-0.003144425864124815,8.179514255543822,0.14049586776859505,0.5676101043883409,0.13211080753588322,1.16666686659837,0.27470068295503425,0.1259504586211906,1.1352202087766818,0.26721562426944145,0.11933886315211772,1.1682389295816549,0.27507487164478484,0.12628098164708157,1.2091197646883824,0.28480549076574135,0.13487609358858466,1.2594341772850395,0.2967815275564416,0.1454545958968234,,,,,,
910108-2026-09-04,ok,LXP,LXP Industrial Trust,2026-07-20,ok,,cash,False,61.2,58.5099983215332,0.045975077006228604,0.12300000000000001,0.11638997313262345,2026-07-20T06:53:56-04:00,pre,True,True,22005821.700668335,2026.0,NYSE,0.8401489687986311,0.03862591353722067,1.1524164886712058,0.7509290696483865,7.555450349153746,0.017748592574147747,0.8698879897805875,0.0013164063806947457,0.9814132182439403,0.006253102933236665,0.004930206397382175,0.9814132182439403,0.006253102933236665,0.004930206397382175,0.7992565741090268,-0.001810113699571514,-0.0031224097201874024,0.7137549388953941,-0.005594868356537108,-0.006902188652049612,0.7992565741090268,-0.001810113699571514,-0.0031224097201874024,,,,,,
1278021-2026-09-04,ok,MKTX,MARKETAXESS HOLDINGS INC,2026-07-30,ok,,cash,True,167.0,125.7300033569336,0.3282430250630428,0.33,0.10785096240689551,2026-07-30T07:44:54-04:00,pre,True,True,84580961.3067627,2026.0,Nasdaq,0.9067117417814851,0.2976218049825352,0.9258541844561102,0.8861158873141849,14.045363278054584,0.01007618238509806,0.8972617921480639,-0.0023904345953937867,0.8861158873141849,-0.005209873591940584,-0.0028261948304428852,0.8856311702294235,-0.0053324863606154516,-0.0029491013992317683,0.8938695120163436,-0.003248536923839196,-0.0008601584810360441,0.8933851646623868,-0.0033710561663747862,-0.000982971299581803,0.8899928845306665,-0.0042291584948201955,-0.001843129780617847,,,,,,
1681622-2026-09-08,ok,VREX,Varex Imaging Corp,2026-08-10,ok,,cash,False,18.9,12.40999984741211,0.522965369249482,,0.12307688988255139,2026-08-10T20:05:49-04:00,overnight,True,False,3810372.6638793945,2026.0,Nasdaq,0.9214174732880094,0.4818694291509886,0.9368258521968837,0.9175654520333866,36.65521540379554,0.006771397952296857,0.9322032503571064,0.003806400062395854,0.9506933638258322,0.010331731395519572,0.006500587496471422,0.930662676967564,0.003262717524873393,-0.0005416209116506643,0.9322032503571064,0.003806400062395854,0.0,0.941448454036661,0.007069117587269247,0.003250345409902211,0.9368258521968837,0.005437758824832661,0.0016251727049512166,,,,,,
1356576-2026-09-11,ok,SUPN,"SUPERNUS PHARMACEUTICALS, INC.",2026-08-03,no_reaction,INDV,stock,False,61.619398414993285,44.630001068115234,0.3806721250342002,,-0.07117582150360369,2026-08-03T06:43:48-04:00,pre,True,True,29785173.155212402,2026.0,Nasdaq,0.3334969691419282,0.1304055468414982,0.6089664605040823,-0.035594202712558295,7.282030620467365,0.18108699632727582,0.10600807035236011,-0.08820615848649149,-0.11913353695627717,-0.14271557292479908,-0.05978260869565222,0.15181701730216776,-0.0701685007332612,0.019782605378524165,0.16692142662818485,-0.0669970469177511,0.02326086293096119,0.23397658354925036,-0.043211105494714075,0.04934783603834059,-0.04582326846972916,-0.12368685003173874,-0.03891306338102918,0.001544043526110997,-0.026406692324821693,-0.021935383127545123,-0.010826894447063584,-0.005662596746430028,0.04054981041824429
1819928-2026-09-11,ok,DV,"DoubleVerify Holdings, Inc.",2026-08-07,ok,,cash,False,13.6,11.710000038146973,0.16140050859915345,0.3,-0.0017049876274370934,2026-08-06T17:11:59-04:00,post,False,True,25158851.258182526,2026.0,NYSE,0.8042325580785149,0.12980354390587046,0.8703701255509741,0.7883596831702114,15.85185643819784,0.011733514952580872,0.7936508096695111,-0.0015116783659370192,0.7989419361688108,-0.0007558031408539945,0.0007570195952277814,0.8148148110771143,0.0015117504501660495,0.0030280061875487263,0.8359788124847174,0.004535179266269118,0.006056012375097453,0.8465610654833168,0.006046929716435168,0.007570051565552793,0.873015688800624,0.00982616167339212,0.011355005154967124,,,,,,
1781755-2026-09-14,ok,BWIN,"Baldwin Insurance Group, Inc.",2026-09-14,ok,,cash,True,32.5,29.649999618530273,0.09612143062857137,0.88,-0.0388979172804238,2026-09-14T09:19:14-04:00,pre,True,True,31776781.553268433,2026.0,Nasdaq,0.7684211371677951,0.0738617390298022,0.8877194203534818,0.7263155851778285,19.693102849200834,0.014375030994415283,0.8245614269910542,0.005025120811725348,0.9964918174754605,0.020414620689820362,0.015312552452087402,0.8385968340693913,0.0062814309667393875,0.0012500286102294922,0.7859647267706719,0.0015703277896021994,-0.003437519073486328,0.7614034336286265,-0.0006281550775070199,-0.005625009536743164,,,,,,,,,
1609151-2026-09-15,ok,WEAV,"Weave Communications, Inc.",2026-08-18,ok,,cash,False,7.4,5.53000020980835,0.3381554646010507,0.34,-0.22657340754564448,2026-08-18T09:01:06-04:00,pre,True,True,5792814.306783676,2026.0,NYSE,0.9411764435889592,0.3182639575533892,0.9545454800447705,0.9358289820025315,51.33416510709087,0.004807671209260963,0.9358289820025315,-0.0013717081065849346,0.951871621754976,0.002743481622931254,0.004120842322335783,0.9411764435889592,0.0,0.0013735922742426077,0.9411764435889592,0.0,0.0013735922742426077,0.9465241601685482,0.0013717735163463196,0.002747250048093175,0.9572193383345651,0.004115255139277574,0.005494500096186128,,,,,,
1527753-2026-09-15,ok,PSNL,"Personalis, Inc.",2026-07-20,no_reaction,TEM,stock,False,17.60893240966797,15.390000343322754,0.14418011805359976,0.06,0.5784615736741285,2026-07-20T09:18:31-04:00,pre,True,True,23424237.67390251,2026.0,Nasdaq,-0.6344178827153917,-0.054256011664694515,-0.747318574775319,-2.662321796242217,4.451639072237177,0.12293855506475405,-2.393753748435908,-0.08347647730078267,-1.8612427439092192,-0.07660602551797846,0.0074962088944212635,-7.896686679694881,-0.1432497419739348,-0.06521738197958771,3.4465187540449373,-0.1769151981414785,-0.1019490700746154,-34.01710038404658,-0.09309518842323927,-0.010494778239983349,-0.7730430800031187,-0.04568876316797821,0.04122939913371493,-0.051887907606487864,-0.05816014861462671,-0.07822797091657047,-0.018511103795931655,-0.007091215896397482,-0.08857548194132046
1436126-2026-09-18,ok,MG,"Mistras Group, Inc.",2026-09-17,ok,,cash,False,20.35,19.360000610351562,0.05113633049779431,,0.06373625268050587,2026-09-18T16:05:33-04:00,post,False,False,3161876.1209487915,2026.0,NYSE,0.23232291316664733,0.011880141269900113,1.0505046963190832,0.23232291316664733,5.616528925619835,0.04082658567100505,0.48484832137803835,0.012761612968490654,1.4040406531382241,0.059213876384726305,0.045866927440190164,1.6464648138272433,0.07146501315087184,0.057963690004320334,2.0404038341199033,0.09137309822543549,0.07762091715396657,1.2828276094857305,0.05308825931996353,0.039818498089863485,,,,,,,,,
1653558-2026-09-21,ok,PRTH,"Priority Technology Holdings, Inc.",2026-09-21,ok,,cash,False,8.05,5.829999923706055,0.3807890403680694,0.65,0.04293376825885353,2026-09-21T11:40:34-04:00,regular,True,False,2202191.9816970825,2026.0,Nasdaq,0.8806305659996729,0.33533446814580525,0.9054054773895853,0.8693694769586277,48.55736001039366,0.010256400224333537,0.8873874771741065,0.0019268264119158829,0.8873874771741065,0.0019268264119158829,0.0,0.8873874771741065,0.0019268264119158829,0.0,0.8738738696167446,-0.0019267651611556413,-0.0038461806506088214,0.8783784770663671,-0.0006422142198784231,-0.0025641000560834293,,,,,,,,,
1057060-2026-09-22,ok,HZO,MARINEMAX INC,2026-08-10,ok,,cash,False,53.0,35.68000030517578,0.48542599626356386,0.96,0.03841675411456613,2026-08-10T08:00:12-04:00,pre,True,True,10320254.327011108,2026.0,NYSE,0.9359122038158426,0.45431611395253313,0.9497691139021931,0.9347574429546373,25.30958271482764,0.004988529193376684,0.9491916233475335,0.004432444496852428,0.9688221174917968,0.010984769734607713,0.006523410582418343,0.9497691139021931,0.004625201026976278,0.00019190591779438826,0.9566974588213114,0.00693776478292607,0.0024942645966883337,0.9497691139021931,0.004625201026976278,0.00019190591779438826,0.95207841537649,0.005396006602242043,0.0009593100169837943,,,,,,
1847590-2026-09-25,ok,BWMN,Bowman Consulting Group Ltd.,2026-08-10,ok,,cash,False,43.0,27.229999542236328,0.5791406802377244,0.58,-0.024713486109316896,2026-08-10T13:21:17-04:00,regular,True,False,3676412.6415252686,2026.0,Nasdaq,0.9587824028528226,0.5552698929881437,0.9682942304701173,0.9473683064703988,24.765372168284788,0.007779392864195692,0.9632211912353402,0.0016528854154975736,0.9600506626615168,0.00047226584378501357,-0.0011786713630070889,0.9505390769400468,-0.0030695928713528886,-0.004714685452028133,0.9600506626615168,0.00047226584378501357,-0.0011786713630070889,0.9701964992352463,0.004250302518564952,0.0025931309547317927,0.9727330188526349,0.0051948342061349795,0.0035361040158818913,,,,,,
1005286-2026-09-28,ok,LFCR,"LIFECORE BIOMEDICAL, INC. \DE\",2026-09-28,ok,,cash,True,6.28,4.199999809265137,0.49523816314143976,0.495,-0.07488990208033341,2026-09-28T08:53:40-04:00,pre,True,True,605079.9924373627,2026.0,Nasdaq,1.1153845956339656,0.5523810183380227,1.1778846449224172,1.0576923482516776,30.504950495049506,0.03834355839437812,1.1153845956339656,0.0,1.1490385212312733,0.010736222678858098,0.010736222678858098,1.1442307193251096,0.009202445238506662,0.009202445238506662,1.1153845956339656,0.0,0.0,,,,,,,,,,,,
919864-2026-09-28,ok,FNWD,Finward Bancorp,2026-07-22,ok,FFBC,stock,False,48.15449752807618,36.4900016784668,0.3196627929039737,,0.059523900508172245,2026-07-21T16:30:46-04:00,post,False,True,317355.9976577759,2026.0,Nasdaq,0.7907916017243392,0.1816935310619734,0.8871314474713454,0.7086360964821883,23.663265306122447,0.037285151808595714,0.8871314474713454,0.03872917497703621,0.8886207405767061,0.03432281027126738,-0.0042420727287902915,0.8793114598200125,0.03455477076473268,-0.0040187609175372785,0.8454239955623496,0.02597409031366782,-0.012279509395363264,0.8812164841586276,0.04986089005417638,0.010716667390598955,0.8477673540115105,0.002319162599617064,-0.035052459538574054,0.016187511661057447,0.017103445975719982,0.014830830292058762,0.007815524880505482,0.013230612521673374,0.012650852835221514
1351636-2026-09-29,ok,SSTI,"SOUNDTHINKING, INC.",2026-09-29,ok,,cash,True,8.0,5.46999979019165,0.4625229080163651,0.46,-0.11774194218241607,2026-09-29T07:45:32-04:00,pre,True,True,610529.003739357,2026.0,Nasdaq,1.1185771406546992,0.5173675519362422,1.1699605808366136,1.0711463597820874,64.76466876971608,0.030450669773252025,1.0830039607636557,-0.01084339162887682,1.1225297999640016,0.001204846825545669,0.012180314373335444,1.173912863199577,0.01686739595557074,0.028014560434550306,,,,,,,,,,,,,,,
1043277-2026-10-05,suspect,CHRW,"C. H. ROBINSON WORLDWIDE, INC.",2026-10-05,no_reaction,,cash,False,17.25,157.72000122070312,-0.8906289635652395,,0.07519257342505448,2026-10-05T12:23:54-04:00,regular,True,False,225727817.03948975,2026.0,Nasdaq,0.12251731020367285,-0.10911746500549813,0.0923328903537558,0.1827436317069096,6.164049983979494,0.09032072322818287,0.12180537098073159,0.000711736584053213,,,,,,,,,,,,,,,,,,,,,
1929561-2026-10-05,suspect,RXO,"RXO, Inc.",2026-10-05,no_reaction,,cash,False,17.25,23.3799991607666,-0.26218987941852456,0.27,0.16899995803833012,2026-10-05T12:17:10-04:00,regular,True,False,36385459.94949341,2026.0,NYSE,-0.9168028725358872,0.24037643460074132,-0.9347475096339788,-0.7585647899660379,12.998494353826851,0.03769633291748916,-0.8597065545282423,-0.012068978671369912,,,,,,,,,,,,,,,,,,,,,
857005-2026-10-05,ok,PTC,PTC INC.,2026-10-05,ok,,cash,False,205.0,144.02999877929688,0.4233145993018439,0.423,-0.0403118535310808,2026-10-05T11:22:43-04:00,regular,True,False,181729708.39233398,2026.0,Nasdaq,0.8497621210642361,0.35971671178019204,0.8532065479899793,0.785468237343364,21.583771545427986,0.021481353379866317,0.7910446902067958,-0.018280238449749353,,,,,,,,,,,,,,,,,,,,,
