deal_id,dq,ticker,company,interval,p_ref,offer,premium,t_react,react_session,accepted_et,edgar_lag_min,cap_react_open,cap_react_close,cap_prev_bar,cap_+0m,cap_+60m,cap_+120m,cap_+240m,cap_reg_open,cap_reg_close,cap_reg_high,cap_reg_low,cap_d1_close,ret_react_close_to_reg_open,ret_react_close_to_reg_close,ret_react_close_to_d1_close,ret_+5m_to_reg_open,ret_+5m_to_reg_close,ret_+5m_to_d1_close,ret_+15m_to_reg_open,ret_+15m_to_reg_close,ret_+15m_to_d1_close,ret_+30m_to_reg_open,ret_+30m_to_reg_close,ret_+30m_to_d1_close,min_to_reg_open,d0_dollar_vol,cap_+5m,cap_+10m,cap_+15m,cap_+30m,cap_+1m,cap_+2m
1944558-2025-01-21,non_cash,,,,,,,,,,,,,,,,,,,,,,,,,,,,,,,,,,,,,,,,,,
1549346-2025-04-30,non_cash,,,,,,,,,,,,,,,,,,,,,,,,,,,,,,,,,,,,,,,,,,
1320350-2025-05-07,ok,LNSR,"LENSAR, Inc.",60m,14.729999542236328,14.0,-0.04955869415631353,2025-03-24T09:00:00-04:00,pre,2025-03-24T08:11:38-04:00,-48.36666666666667,0.3150680636480025,0.6027394769158426,0.21917759255872246,0.6027394769158426,0.4383560212160008,0.4657526193400047,0.589040576908003,0.45205497347999896,0.7123285344760013,0.2054790583440023,0.7945209416559977,0.7671230371280015,0.0076976639979198245,-0.005598317834361544,-0.008397475416798729,,,,,,,,,,30.0,20076698.565886497,,,,,,
1091667-2025-06-18,non_cash,,,,,,,,,,,,,,,,,,,,,,,,,,,,,,,,,,,,,,,,,,
1829864-2025-07-01,ok,TASK,"TaskUs, Inc.",60m,14.359999656677246,16.5,0.14902509710908496,2025-05-09T09:00:00-04:00,pre,2025-05-09T08:48:20-04:00,-11.666666666666666,0.8785046923888328,0.929859824336785,0.20560760408083448,0.929859824336785,1.070093268441897,1.072430215784377,1.2056076932092605,0.9158877213560177,1.1542055470858792,1.257008948048377,0.8971965990375022,1.1822426762057852,-0.0018287760277300158,0.029364089303668694,0.03303380385497379,,,,,,,,,,30.0,125187343.50025177,,,,,,
1108426-2025-07-11,ok,TXNM,TXNM ENERGY INC,60m,52.869998931884766,61.25,0.15850200940823989,2025-05-19T07:00:00-04:00,pre,2025-05-19T10:41:46-04:00,221.76666666666668,-0.0011931898102985655,0.5823389553830698,-0.07995212965234787,0.5823389553830698,0.5823389553830698,0.5274463609477017,0.4606205391832634,0.5226730918663655,0.44391417023289226,0.5274464701991609,0.41766104461693027,0.42243442294972566,-0.00865800865800866,-0.020086577444365535,-0.023203465845677763,,,,,,,,,,150.0,496561976.74539566,,,,,,
1839341-2025-09-26,non_cash,,,,,,,,,,,,,,,,,,,,,,,,,,,,,,,,,,,,,,,,,,
1683695-2025-10-21,ok,IMXI,"International Money Express, Inc.",60m,9.289999961853027,16.0,0.7222820307534819,2025-08-11T04:00:00-04:00,pre,2025-08-11T06:02:18-04:00,122.3,0.8658718338474789,0.7406855454384592,-0.0014903072721575666,0.7406855454384592,0.7690014916262136,0.803278689642969,0.8360655747024742,0.8809240265522258,0.8375558649193534,0.8882265282062324,0.8345753129110589,0.8181817794198221,0.06598879478422491,0.045582036985421424,0.0364656194229447,,,,,,,,,,330.0,150329765.14835072,,,,,,
1178697-2025-11-24,no_reaction,SONM,,,,,,,,,,,,,,,,,,,,,,,,,,,,,,,,,,,,,,,,,
1944048-2025-12-16,no_reaction,KVUE,,,,,,,,,,,,,,,,,,,,,,,,,,,,,,,,,,,,,,,,,
1685040-2025-12-23,ok,BHF,"Brighthouse Financial, Inc.",60m,51.7599983215332,70.0,0.3523957161891673,2025-11-06T08:00:00-05:00,pre,2025-11-06T08:00:54-05:00,0.9,0.024122896818931927,0.7434210762422806,0.0748465763618039,0.7434210762422806,0.758771952022657,0.7686403052426777,0.7626095705809904,0.7587718683670232,0.7637062959439357,0.780701774566052,0.7510964639390887,0.7801534118845795,0.00428656573975963,0.005664458686562409,0.010257162641909652,,,,,,,,,,90.0,632040028.7739792,,,,,,
1604778-2025-12-23,non_cash,,,,,,,,,,,,,,,,,,,,,,,,,,,,,,,,,,,,,,,,,,
78128-2025-12-31,non_cash,,,,,,,,,,,,,,,,,,,,,,,,,,,,,,,,,,,,,,,,,,
320017-2026-01-21,ok,LSTA,"LISATA THERAPEUTICS, INC.",60m,2.0999999046325684,4.0,0.9047619912629805,2026-01-21T07:00:00-05:00,pre,2026-01-21T08:58:41-05:00,118.68333333333334,0.9578947389555108,1.0,0.0315789959767495,1.0,0.9946842107931333,0.9894736847388778,1.015789583317125,0.9894736947775542,1.026315888539571,1.0368421937620167,0.9894736947775542,1.0394735818424434,-0.0049999952316284275,0.012500047683715852,0.01874995231628416,,,,,,,,,,150.0,8520447.506499767,,,,,,
799288-2026-01-26,no_reaction,LE,,,,,,,,,,,,,,,,,,,,,,,,,,,,,,,,,,,,,,,,,
1465740-2026-02-12,non_cash,,,,,,,,,,,,,,,,,,,,,,,,,,,,,,,,,,,,,,,,,,
69733-2026-03-06,ok,NATH,"NATHANS FAMOUS, INC.",60m,92.66999816894531,102.0,0.10067985340892416,2026-01-21T06:00:00-05:00,pre,2026-01-21T07:01:27-05:00,61.45,0.7427653237953649,0.732047212286839,0.0064310631595994785,0.732047212286839,0.9978563776982952,0.8692390395959776,0.8896035822984998,0.902464792763443,0.8810288968371954,0.9924973546531121,0.8553056581802957,0.8638803436416,0.015979862692368094,0.013969843112044595,0.012361842783252199,,,,,,,,,,210.0,25880129.365730286,,,,,,
1679688-2026-03-06,ok,DBRG,"DigitalBridge Group, Inc.",60m,13.930000305175781,16.0,0.14860011841170584,2025-12-29T04:00:00-05:00,pre,2025-12-29T08:36:15-05:00,276.25,1.3381643010625865,2.555555784887899,-0.01449290318776036,2.555555784887899,2.449275575982515,2.2512079139315713,2.0917876005734954,0.649758218185973,0.6473431643194911,0.6714973886826945,0.6376811060043712,0.6521737327647529,-0.20525496261549042,-0.20551506463248323,-0.20499481097964664,,,,,,,,,,330.0,1307972837.061224,,,,,,
1038074-2026-03-13,ok,SLAB,SILICON LABORATORIES INC.,60m,136.64999389648438,231.0,0.6904501303892336,2026-02-03T16:00:00-05:00,post,2026-02-04T07:05:45-05:00,905.75,-0.0003179003131326012,0.5017488398631028,0.0,0.5017488398631028,0.4732390377858373,0.5017488398631028,0.5017488398631028,0.7274510368374799,0.7058823719676899,0.7509262820212177,0.6896661697385321,0.7280338950486486,0.11574000577264723,0.10467960215229083,0.11603889525458237,,,,,,,,,,1050.0,1195819913.379242,,,,,,
1334978-2026-04-02,ok,CCO,"Clear Channel Outdoor Holdings, Inc.",60m,2.174999952316284,2.43,0.11724140380423997,2026-02-09T17:00:00-05:00,post,2026-02-09T17:30:57-05:00,30.95,0.1764707422311187,0.647058889527621,0.1764707422311187,0.647058889527621,0.6862745684689973,0.6862745684689973,0.6862745684689973,0.7647054775639178,0.7647054775639178,0.8039220540809525,0.7254898360215284,0.8039220540809525,0.012820463914137681,0.012820463914137681,0.017094066000392358,,,,,,,,,,990.0,151280829.0344832,,,,,,
874761-2026-05-04,ok,AES,AES CORP,60m,17.25,15.0,-0.13043478260869568,2026-03-02T07:00:00-05:00,pre,2026-03-02T07:07:28-05:00,7.466666666666667,0.07111111111111118,1.2622222222222221,0.07111111111111118,1.2622222222222221,1.2444444444444447,1.289022222222222,1.32044431898329,1.2911109924316406,1.3533333672417536,1.2888887193467882,1.3555556403266058,1.3666665818956163,-0.0045107378883547265,-0.014226237077997621,-0.016308106125269735,,,,,,,,,,150.0,1090455164.5684862,,,,,,
1386278-2026-05-08,non_cash,,,,,,,,,,,,,,,,,,,,,,,,,,,,,,,,,,,,,,,,,,
717954-2026-05-11,non_cash,,,,,,,,,,,,,,,,,,,,,,,,,,,,,,,,,,,,,,,,,,
314808-2026-05-19,non_cash,,,,,,,,,,,,,,,,,,,,,,,,,,,,,,,,,,,,,,,,,,
1974138-2026-05-27,no_reaction,NATL,,,,,,,,,,,,,,,,,,,,,,,,,,,,,,,,,,,,,,,,,
1820872-2026-05-28,ok,GBTG,"Global Business Travel Group, Inc.",60m,5.929999828338623,9.5,0.602023655144281,2026-05-04T07:00:00-04:00,pre,2026-05-04T12:47:56-04:00,347.93333333333334,0.019607890278840197,0.8291316608771695,0.019607890278840197,0.8291316608771695,0.9453781538869639,0.9425770335734749,0.956582709938902,0.9453782393703719,0.9523809332998345,0.9691877727204546,0.9439776471573494,0.9957982233609325,0.0466816991198853,0.04949380469134466,0.06692909523928521,,,,,,,,,,150.0,752739458.9972715,,,,,,
1821825-2026-06-01,ok,OGN,Organon & Co.,60m,11.279999732971191,14.0,0.24113478115414377,2026-04-27T04:00:00-04:00,pre,2026-04-27T06:06:01-04:00,126.01666666666667,0.632352977269245,0.606617685678092,0.011507449983818816,0.606617685678092,0.615808861246361,0.6544117986330905,0.6948529711334733,0.711397143254841,0.6948529991827153,0.7205881785769007,0.687499890432649,0.7536764667211523,0.02204177514214161,0.018561490819330687,0.030935802297452047,,,,,,,,,,330.0,1735247013.4795628,,,,,,
1943802-2026-06-23,ok,FSEA,"First Seacoast Bancorp, Inc.",60m,11.637800216674805,17.25,0.48223888353779754,2026-05-05T08:00:00-04:00,pre,2026-05-05T16:30:57-04:00,510.95,0.7950892618939109,0.8948718821890499,0.01821028959604192,0.8948718821890499,0.8984355471995905,0.9073446281601232,0.8895262351359039,0.8948718550004435,0.8966537282886233,0.9126902480246628,0.8859628284171235,0.901999348153163,-9.158937020280501e-09,0.0006002446755068959,0.002401006178838719,,,,,,,,,,90.0,13286604.844657898,,,,,,
733269-2026-06-24,ok,RAMP,"LiveRamp Holdings, Inc.",60m,29.65999984741211,38.5,0.2980445110608858,2026-05-18T04:00:00-04:00,pre,2026-05-18T06:04:40-04:00,124.66666666666667,0.6040724050241806,0.9083710423055958,-0.06447961963498873,0.9083710423055958,0.8766968347075301,0.8868778300069088,0.910633485705458,0.9208143946994696,0.9162894043333062,0.9332579024430029,0.9117648454939752,0.9066741234503332,0.0029185257909405326,0.0018572120332503482,-0.000398003792503354,,,,,,,,,,330.0,475440918.89798355,,,,,,
1023459-2026-07-09,ok,SLP,"Simulations Plus, Inc.",60m,16.389999389648438,18.5,0.12873707681064306,2026-06-16T09:30:00-04:00,regular,2026-06-16T09:00:11-04:00,-29.816666666666666,0.8578203079237205,0.8886253353678379,-0.009478380977863443,0.8886253353678379,0.8957349527411576,0.8554501341471352,0.8767771783542208,0.8578203079237205,0.8744079085340719,1.030805931400554,0.8246442027465812,0.8767771783542208,-0.0035586437931020057,-0.0016424188502232645,-0.0013687171839951867,,,,,,,,,,0.0,37691053.81875992,,,,,,
356171-2026-07-23,non_cash,,,,,,,,,,,,,,,,,,,,,,,,,,,,,,,,,,,,,,,,,,
1739445-2026-07-24,ok,ACA,"Arcosa, Inc.",60m,135.97000122070312,150.0,0.1031845160942797,2026-06-22T04:00:00-04:00,pre,2026-06-22T07:21:11-04:00,201.18333333333334,0.3050605239975203,1.106913765538843,-0.009265946686677951,1.106913765538843,0.747683513328331,0.7633641989406946,0.6885245630635036,0.6436207815371899,0.6243759992169402,0.7804702709169413,0.5694943826334736,0.6436207815371899,-0.042904290429042896,-0.04468649684792698,-0.042904290429042896,,,,,,,,,,330.0,621895461.0041199,,,,,,
730272-2026-07-24,no_reaction,RGEN,,,,,,,,,,,,,,,,,,,,,,,,,,,,,,,,,,,,,,,,,
36377-2026-07-24,non_cash,,,,,,,,,,,,,,,,,,,,,,,,,,,,,,,,,,,,,,,,,,
715957-2026-07-24,non_cash,,,,,,,,,,,,,,,,,,,,,,,,,,,,,,,,,,,,,,,,,,
834365-2026-07-24,no_reaction,BLFS,,,,,,,,,,,,,,,,,,,,,,,,,,,,,,,,,,,,,,,,,
1326200-2026-07-27,tiny_gap,,,,,,,,,,,,,,,,,,,,,,,,,,,,,,,,,,,,,,,,,,
715957-2026-07-28,non_cash,,,,,,,,,,,,,,,,,,,,,,,,,,,,,,,,,,,,,,,,,,
1590714-2026-07-28,non_cash,,,,,,,,,,,,,,,,,,,,,,,,,,,,,,,,,,,,,,,,,,
1376339-2026-07-29,no_reaction,MDXG,,,,,,,,,,,,,,,,,,,,,,,,,,,,,,,,,,,,,,,,,
1571949-2026-07-30,no_reaction,ICE,,,,,,,,,,,,,,,,,,,,,,,,,,,,,,,,,,,,,,,,,
1845815-2026-07-31,ok,PAYO,Payoneer Global Inc.,60m,6.755000114440918,7.4,0.09548480749544241,2026-06-15T09:00:00-04:00,pre,2026-06-15T08:10:48-04:00,-49.2,0.3798448512075587,0.41085260864718004,0.054263398091527346,0.41085260864718004,0.41085257907587885,0.41085257907587885,0.4186046958635956,0.4248057978677315,0.4496124237319158,0.4573645405196326,0.3565892401269553,0.40310046228816204,0.0012820235684387325,0.003561264429337002,-0.0007122697313965621,,,,,,,,,,30.0,531386778.236743,,,,,,
1418819-2026-08-06,ok,IRDM,Iridium Communications Inc.,60m,43.560001373291016,54.0,0.23966938240526114,2026-06-29T08:00:00-04:00,pre,2026-06-29T07:09:00-04:00,-51.0,0.7193486220865886,0.9061302558514872,0.03927190427593262,0.9061302558514872,0.7931034210604205,0.9176244517742181,0.9415708150774103,0.7849617598472367,1.056034402435268,1.112068804870536,0.7452107090697363,1.0814174890738506,-0.023858901016310226,0.0295171460670059,0.03451524847455849,,,,,,,,,,90.0,638153481.1691818,,,,,,
1754301-2026-08-10,non_cash,,,,,,,,,,,,,,,,,,,,,,,,,,,,,,,,,,,,,,,,,,
1571776-2026-08-10,non_cash,,,,,,,,,,,,,,,,,,,,,,,,,,,,,,,,,,,,,,,,,,
1428439-2026-08-10,non_cash,,,,,,,,,,,,,,,,,,,,,,,,,,,,,,,,,,,,,,,,,,
1725262-2026-08-10,non_cash,,,,,,,,,,,,,,,,,,,,,,,,,,,,,,,,,,,,,,,,,,
1590895-2026-08-12,no_reaction,CZR,,,,,,,,,,,,,,,,,,,,,,,,,,,,,,,,,,,,,,,,,
817720-2026-08-12,non_cash,,,,,,,,,,,,,,,,,,,,,,,,,,,,,,,,,,,,,,,,,,
1097864-2026-08-12,non_cash,,,,,,,,,,,,,,,,,,,,,,,,,,,,,,,,,,,,,,,,,,
1997350-2026-08-13,ok,ARX,Accelerant Holdings,5m,13.59000015258789,20.25,0.49006620843516857,2026-08-13T06:30:00-04:00,pre,2026-08-13T07:57:39-04:00,87.65,0.0525525308454938,0.887387384807309,0.0045044816966123054,0.887387384807309,0.9144144124535549,0.9136636616856038,0.8986487608820543,0.903903993346618,0.889639545466782,0.9054055292491633,0.8798799916832725,0.9009009215415272,0.005641056941105792,0.000769199469150646,0.004615392440404667,0.004096293412778349,-0.0007680804071461437,0.003072204433583677,-0.0010188176081730091,-0.00585841112336024,-0.002037689628737041,-0.0010188176081730091,-0.00585841112336024,-0.002037689628737041,180.0,1349054099.4583035,0.891891889415017,0.891891889415017,0.906906904774042,0.906906904774042,,
842717-2026-08-17,non_cash,,,,,,,,,,,,,,,,,,,,,,,,,,,,,,,,,,,,,,,,,,
1130713-2026-08-19,no_intraday,,,,,,,,,,,,,,,,,,,,,,,,,,,,,,,,,,,,,,,,,,
1881592-2026-08-19,ok,NSTS,"NSTS Bancorp, Inc.",60m,12.5,14.28,0.14239999999999986,2026-05-12T16:00:00-04:00,post,2026-05-12T17:15:25-04:00,75.41666666666667,0.039325842696629386,0.7022471910112362,0.0842694486125132,0.7022471910112362,0.7022471910112362,0.7022471910112362,0.7500000000000008,0.6797753023297601,0.6460672014215022,0.7022471910112362,0.640449631080199,0.6460672014215022,-0.0029090881347656316,-0.007272755015980112,-0.007272755015980112,,,,,,,,,,1050.0,3851368.6667175293,,,,,,
866829-2026-08-24,no_intraday,,,,,,,,,,,,,,,,,,,,,,,,,,,,,,,,,,,,,,,,,,
1739566-2026-08-24,ok,UTZ,"Utz Brands, Inc.",60m,7.210000038146973,14.25,0.9764216261588763,2026-07-21T08:00:00-04:00,pre,2026-07-21T08:16:19-04:00,16.316666666666666,0.034090903857030154,0.9673295452775171,0.034090903857030154,0.9673295452775171,0.9732244316730957,0.9751420182268296,0.9794033439560551,0.9794033439560551,0.9772727488239936,0.9843750486827713,0.971590936029992,0.9737215311620535,0.006062734824274498,0.0049928782159694264,0.0032096704980956623,,,,,,,,,,90.0,852985204.917613,,,,,,
842023-2026-08-25,ok,TECH,BIO-TECHNE Corp,60m,58.86000061035156,73.0,0.24023104388418348,2026-06-25T06:00:00-04:00,pre,2026-06-25T08:21:30-04:00,141.5,0.34792783606836875,0.8585784946027694,0.31941298335237983,0.8585784946027694,0.871725595594591,0.8019801894722985,0.8083451767008857,0.8033947030201397,0.8352190996019118,0.8528994398275994,0.7934937556586477,0.8585572781944989,-0.010990077215122612,-0.004652118808718882,-4.225334259079002e-06,,,,,,,,,,210.0,3528807146.2654037,,,,,,
1096056-2026-08-26,tiny_gap,,,,,,,,,,,,,,,,,,,,,,,,,,,,,,,,,,,,,,,,,,
1521036-2026-08-26,ok,LNTH,"Lantheus Holdings, Inc.",60m,99.55000305175781,102.5,0.029633318511385953,2026-08-03T05:00:00-04:00,pre,2026-08-03T08:37:46-04:00,217.76666666666668,0.4237282174095195,0.4203383833942845,-0.5253914085169982,0.4203383833942845,0.4203383833942845,0.4203383833942845,1.0576271782590485,1.0915243804666608,0.5559325716000021,1.130509333733338,0.5,0.5152536323714252,0.01964477272612759,0.003968671906004998,0.002778050350473385,,,,,,,,,,270.0,815937590.2297516,,,,,,
944148-2026-08-27,ok,CBZ,"CBIZ, Inc.",60m,46.70000076293945,55.0,0.177730173478869,2026-07-29T08:00:00-04:00,pre,2026-07-29T08:12:38-04:00,12.633333333333333,-0.10481937866389088,0.9397590306072033,-0.05903624192536511,0.9397590306072033,0.9180722816257966,0.9415661861526476,0.970482053686124,0.9457830356260585,0.9879519899622896,1.0144577039656768,0.9216865559485153,1.0331327170068871,0.0009174171937714965,0.007339477539062496,0.014220211484016629,,,,,,,,,,90.0,826863170.7225533,,,,,,
2002473-2026-08-28,ok,BOW,Bowhead Specialty Holdings Inc.,60m,30.59000015258789,34.0,0.11147433247474581,2026-08-03T08:00:00-04:00,pre,2026-08-03T12:03:12-04:00,243.2,0.17888559375597773,0.9085337202473173,0.17888559375597773,0.9085337202473173,0.9266862137282124,0.9237541544963649,0.9281528026839361,0.9266862137282124,0.9120236802097748,1.3137829157488832,0.8533724274564246,0.8504403682245771,0.0018374440826286309,0.0003532631089154453,-0.005880364922129826,,,,,,,,,,90.0,43836832.521167755,,,,,,
714562-2026-08-28,non_cash,,,,,,,,,,,,,,,,,,,,,,,,,,,,,,,,,,,,,,,,,,
1666138-2026-08-28,ok,ATKR,Atkore Inc.,60m,72.94999694824219,95.0,0.30226187764479584,2026-08-03T04:00:00-04:00,pre,2026-08-03T06:04:52-04:00,124.86666666666666,0.8412698632383644,0.8643991117379173,0.00045365307815723,0.8643991117379173,0.8689342585025351,0.887074845561008,0.9260771077367242,0.9274377209669573,0.9310659214196693,0.9365078760944979,0.922902643403187,0.9337868987570835,0.015107070164970121,0.01597656077528082,0.016628637273419594,,,,,,,,,,330.0,805600520.7519913,,,,,,
1500435-2026-09-01,ok,GPRO,"GoPro, Inc.",5m,0.8748000264167786,1.14,0.30315496750668003,2026-08-31T16:30:00-04:00,post,2026-09-01T16:17:39-04:00,1427.65,-0.022624536253566797,0.39253387614141005,-0.05995485671415063,0.39253387614141005,1.0301659155237042,1.1885369720231505,1.7541478880926018,1.7918553723986657,1.3582203007848463,2.885369666290643,1.075414662947253,3.1478130788444307,0.3790990130165062,0.2616202005364335,0.7464500682104814,0.38178098653209613,0.2640737096265248,0.7498464398886799,0.2739454787598922,0.16542419015298165,0.613286752638709,0.267605656189538,0.1596244265775726,0.6052581894565637,1050.0,668839963.6453133,0.3853694712045303,0.27903461898347354,0.6972096229308213,0.7171945419652748,,
703604-2026-09-01,ok,DSGR,"Distribution Solutions Group, Inc.",60m,27.510000228881836,35.0,0.27226462045807853,2026-07-16T08:00:00-04:00,pre,2026-07-16T21:27:47-04:00,807.7833333333333,0.9399198913549736,0.9148331082118616,-0.004005371134658506,0.9148331082118616,0.9666221618638744,0.9212282816265279,0.9305740355602118,0.9612815855288003,0.9265688579616019,0.9773033145340225,-0.00400543225130554,0.9325766243595166,0.01012450008796488,0.00255807307875407,0.003867602151346033,,,,,,,,,,90.0,80492311.76311874,,,,,,
1114483-2026-09-03,ok,ITGR,Integer Holdings Corp,60m,121.2300033569336,127.0,0.047595450658183935,2026-08-03T06:00:00-04:00,pre,2026-08-03T16:44:58-04:00,644.9666666666667,-0.0034667883139303563,0.7313689944928173,0.04679320626483403,0.7313689944928173,0.5320621194390999,0.5563255650978133,0.564124635554057,0.6707101158954627,0.5580581394580085,0.7469670825151894,0.5441943182794846,0.662045392940492,-0.0027899683210754,-0.007971327634578041,-0.003188496996749224,,,,,,,,,,210.0,1500431581.8090363,,,,,,
1172052-2026-09-03,ok,SAFT,SAFETY INSURANCE GROUP INC,60m,72.51000213623047,105.0,0.4480760847686629,2026-07-23T17:00:00-04:00,post,2026-07-23T17:07:20-04:00,7.333333333333333,0.04462905383525607,0.8193290124359842,0.013234776609481748,0.8193290124359842,0.8953524092474183,0.8568790302942634,0.8568790302942634,0.9384425936749521,0.9458294166835544,0.9513695926457234,0.934441446800057,0.9392121082185891,0.03903964491072334,0.04146068661121291,0.03929185439199952,,,,,,,,,,990.0,161944194.20664215,,,,,,
915840-2026-09-03,tiny_gap,,,,,,,,,,,,,,,,,,,,,,,,,,,,,,,,,,,,,,,,,,
714256-2026-09-04,ok,SMTI,Sanara MedTech Inc.,60m,26.649999618530273,33.0,0.2382739389254791,2026-07-29T13:30:00-04:00,regular,2026-07-29T16:07:48-04:00,157.8,0.1763780743229138,0.5669291598745535,0.17480323522353072,0.5669291598745535,0.5669291598745535,0.5669291598745535,1.0834645619150862,0.1763780743229138,0.5669291598745535,0.6629922423480031,0.1763780743229138,1.188976486748133,-0.08198345594169679,0.0,0.13057853761783317,,,,,,,,,,0.0,6575412.25,,,,,,
910108-2026-09-04,ok,LXP,LXP Industrial Trust,60m,58.4900016784668,61.2,0.04633267641930838,2026-07-17T17:00:00-04:00,post,2026-07-20T06:53:56-04:00,3713.9333333333334,0.007379459010840607,0.372693338408338,0.007379459010840607,0.372693338408338,0.372693338408338,0.372693338408338,0.372693338408338,0.8413284839257558,0.8671586456155297,1.1512918318412826,0.7527669241049313,0.9667898725496176,0.021344545508633142,0.022521010967863703,0.027058833787421223,,,,,,,,,,3870.0,183375895.78635788,,,,,,
1278021-2026-09-04,ok,MKTX,MARKETAXESS HOLDINGS INC,60m,125.87999725341797,167.0,0.32666034035415836,2026-07-30T08:00:00-04:00,pre,2026-07-30T07:44:54-04:00,-15.1,0.8297665483356065,0.9148832741678032,0.027237419060608597,0.9148832741678032,0.9075875548107576,0.9034532841554074,0.9019941996567143,0.9066148812888926,0.8981030602738826,0.9255837219308527,0.8857004709555166,0.8821741026973582,-0.002079488305141446,-0.004220198418386843,-0.00822630716026375,,,,,,,,,,90.0,1503419749.255783,,,,,,
1681622-2026-09-08,ok,VREX,Varex Imaging Corp,5m,12.40999984741211,18.9,0.522965369249482,2026-08-10T06:55:00-04:00,pre,2026-08-10T20:05:49-04:00,790.8166666666667,1.1155624009809826,0.9377966116319703,,0.9377966116319703,0.9476117115552879,0.9229583993460115,0.9268103618225579,0.9221880538731639,0.9291218096876382,0.9368258521968837,0.9175654520333866,0.9530045178005293,-0.005476746280949697,-0.0030438231398920036,0.005336165252212093,-0.004599542328805646,-0.0021644732652804605,0.00622290656680152,-0.00047270615345440645,0.001972458476155151,0.010394611591934857,-0.006234308401565008,-0.0038032385006473925,0.004570366569846762,155.0,238969869.99799728,0.93528505545065,0.9306625594114105,0.9235285071908514,0.9399691847704126,,
1356576-2026-09-11,non_cash,,,,,,,,,,,,,,,,,,,,,,,,,,,,,,,,,,,,,,,,,,
1819928-2026-09-11,ok,DV,"DoubleVerify Holdings, Inc.",60m,11.979999542236328,13.6,0.1352254190037525,2026-08-06T16:00:00-04:00,post,2026-08-06T17:11:59-04:00,71.98333333333333,-0.16666633700156352,0.7407408139996524,-0.1604933344070997,0.7407408139996524,0.7746914216901739,0.8024691916187826,0.7901235160949568,0.7716047202391298,0.7716047202391298,0.8487651922630428,0.7530863717859421,0.7623458403563775,0.0037935919754422216,0.0037935919754422216,0.0026555502722223736,,,,,,,,,,1050.0,492389366.8972187,,,,,,
1781755-2026-09-14,ok,BWIN,"Baldwin Insurance Group, Inc.",1m,29.610000610351562,32.5,0.09760213880705226,2026-09-14T04:00:00-04:00,pre,2026-09-14T09:19:14-04:00,319.23333333333335,0.7384082492515799,0.9653979165676688,0.013840622178574897,0.9653979165676688,0.4809687485150397,0.6193770822443619,0.7058822908251886,0.7647057270629729,0.8304492103970982,0.8892734386137202,0.733563799175286,0.9930794249177662,-0.017901243986906783,-0.012037088841567763,0.002469121673960792,0.02645160305884577,0.0325805910172001,0.04774192071730091,0.02645160305884577,0.0325805910172001,0.04774192071730091,0.02645160305884577,0.0325805910172001,0.04774192071730091,330.0,696729111.7439537,0.4809687485150397,0.4809687485150397,0.4809687485150397,0.4809687485150397,0.4809687485150397,0.4809687485150397
1609151-2026-09-15,ok,WEAV,"Weave Communications, Inc.",5m,5.539999961853027,7.4,0.33574008139971845,2026-08-18T09:10:00-04:00,pre,2026-08-18T09:01:06-04:00,-8.9,0.23118281146669245,0.970430108133334,0.05913980424245618,0.970430108133334,0.9475805231816172,0.9354839850910968,0.9408601957575439,0.9408601957575439,0.9408601957575439,0.954301106969749,0.9354839850910968,0.9489246399392436,-0.0074880923277021415,-0.0074880923277021415,-0.0054459049232643475,-0.0074880923277021415,-0.0074880923277021415,-0.0054459049232643475,-0.0074880923277021415,-0.0074880923277021415,-0.0054459049232643475,-0.0009455842717510912,-0.0009455842717510912,0.0011100649636652672,20.0,356072286.95355034,0.970430108133334,0.970430108133334,0.970430108133334,0.9445697836810328,,
1527753-2026-09-15,non_cash,,,,,,,,,,,,,,,,,,,,,,,,,,,,,,,,,,,,,,,,,,
1436126-2026-09-18,ok,MG,"Mistras Group, Inc.",1m,19.389999389648438,20.35,0.04951008976638094,2026-09-17T10:18:00-04:00,regular,2026-09-18T16:05:33-04:00,1787.55,0.2083339956067428,0.3802078531851107,0.21875089406910286,0.3802078531851107,0.6354168984623592,0.6354168984623592,0.3541666004393252,0.2083339956067428,0.4791673951674167,1.0520829028556153,0.2083339956067428,1.4166664017573007,-0.008352266018132704,0.0048089711333320255,0.05036704031906357,-0.0075987649579276955,0.0055724727267983925,0.051165159097903326,-0.006844117935159044,0.006337135492145736,0.05196449169619229,-0.008603242627774258,0.004554663539747513,0.050101202411483255,0.0,46025887.105644226,0.36458349890168523,0.4895842936297768,0.3489591446182598,0.3854172958264054,0.2708333995606739,0.28645974066432867
1653558-2026-09-21,ok,PRTH,"Priority Technology Holdings, Inc.",1m,5.820000171661377,8.05,0.3831614712310305,2026-09-21T08:05:00-04:00,pre,2026-09-21T11:40:34-04:00,215.56666666666666,0.8654708416621251,0.9192825049972749,0.022421449411443955,0.9192825049972749,0.8921524580658035,0.8766816476226156,0.872197239707084,0.8789238515803814,0.8946188516280652,0.9058296575885557,0.8699552495776567,0.8878924535831062,-0.011435805615203364,-0.006988556897019188,-0.008894511977781046,-0.0025640756655961865,0.0019230842590332337,2.4453187614144177e-08,-0.0025640756655961865,0.0019230842590332337,2.4453187614144177e-08,0.003870994813980583,0.00838710415747858,0.006451637514175892,85.0,143977033.97464228,0.8878923680517707,0.8968609786076293,0.8878923680517707,0.8654708416621251,0.8968609786076293,0.869955146940054
1057060-2026-09-22,ok,HZO,MARINEMAX INC,5m,35.68000030517578,53.0,0.48542599626356386,2026-08-10T07:05:00-04:00,pre,2026-08-10T08:00:12-04:00,55.2,0.00981522504732039,0.7372979168492892,0.021362569361637107,0.7372979168492892,0.9508198605653242,0.9393706686776787,0.9367782193997182,0.9356234585385128,0.9486143530409877,0.9497691139021931,0.9347574429546373,0.9679561019079214,0.07089779817405985,0.07554180826319007,0.08245613405209941,0.09140816208696363,0.09614111655258399,0.10318786892635018,0.06526694441832141,0.06988653598525778,0.07676450577698114,0.0614770524045254,0.06608020888607939,0.0729337089775822,145.0,389875420.27214813,0.6847286318583609,0.7401847529278683,0.7520842912437719,0.7621247071250706,,
1847590-2026-09-25,ok,BWMN,Bowman Consulting Group Ltd.,5m,27.229999542236328,43.0,0.5791406802377244,2026-08-10T08:00:00-04:00,pre,2026-08-10T13:21:17-04:00,321.28333333333336,0.9207355761752932,0.9461001917991992,,0.9461001917991992,0.9587507938416225,0.954343614470305,0.957514384939953,0.9524413457051759,0.9644894510440345,0.9682942304701173,0.9473683064703988,0.9613189224702111,0.0023724792408066904,0.006880157217295061,0.005693935697471868,-0.00451443866395237,-3.7731218686762216e-05,-0.0012158026641682605,-0.00047314880529935054,0.004021732356493523,0.002838878392439879,-0.004945831370701849,-0.0004710639022848731,-0.001648624831643035,90.0,126518301.564682,0.964590996589027,0.9626506034937983,0.9537095764863714,0.9657577689077267,,
1005286-2026-09-28,ok,LFCR,"LIFECORE BIOMEDICAL, INC. \DE\",1m,4.199999809265137,6.28,0.49523816314143976,2026-09-28T09:55:00-04:00,regular,2026-09-28T08:53:40-04:00,-61.333333333333336,1.1202403105001897,1.1202403105001897,0.050480856301155654,1.1202403105001897,1.1370192457144768,1.134615344761395,1.0961538465065361,1.1202403105001897,1.1201923975401293,1.1756730835554154,1.0576923482516776,1.1490385212312733,0.0,-1.526147655731024e-05,0.009172950646575466,0.0015490625578905147,0.0015337774403512913,0.010736222678857968,0.000781574457079757,0.0007663010525421923,0.00996169444757664,-0.004345451823677106,-0.0043606469822232785,0.004787638207782698,0.0,25940844.99424553,1.1153845956339656,1.0961538465065361,1.1177884965870475,1.133942270834421,1.1044712154249763,1.0802884670139763
919864-2026-09-28,non_cash,,,,,,,,,,,,,,,,,,,,,,,,,,,,,,,,,,,,,,,,,,
1351636-2026-09-29,ok,SSTI,"SOUNDTHINKING, INC.",1m,5.650000095367432,8.0,0.41592917964008325,2026-09-29T07:35:00-04:00,pre,2026-09-29T07:45:32-04:00,10.533333333333333,0.5106382780131188,1.0297872352513755,-0.0765957883711385,1.0297872352513755,1.098723408261701,1.1489363385844267,1.1085106913997038,1.1276596608125264,1.0914894303459586,1.1829788606919172,1.0765958776512907,1.1276596608125264,0.02850064321373765,0.01796780081634329,0.02850064321373765,0.020935347823422896,0.010479981375666183,0.020935347823422896,0.010802210458132533,0.00045061714806317733,0.010802210458132533,0.014669949967587189,0.004278747260133339,0.014669949967587189,115.0,42310901.50600147,1.055234044794693,1.0975319188516464,1.0899148972659372,1.076595747789251,1.1404255376136267,1.1148936216838763
1043277-2026-10-05,no_reaction,CHRW,,,,,,,,,,,,,,,,,,,,,,,,,,,,,,,,,,,,,,,,,
1929561-2026-10-05,no_reaction,RXO,,,,,,,,,,,,,,,,,,,,,,,,,,,,,,,,,,,,,,,,,
857005-2026-10-05,ok,PTC,PTC INC.,1m,144.05999755859375,205.0,0.4230182109826848,2026-10-05T04:00:00-04:00,pre,2026-10-05T11:22:43-04:00,442.71666666666664,0.39202496692343347,0.7970528469884548,-0.0004922474137179677,0.7970528469884548,0.8123925247460794,0.820643262846778,0.8441089658778035,0.8496881638474382,0.7909418283103358,0.8523137571473928,0.787824217955793,0.8027567477697731,0.01665138542576762,-0.0019332443200835,0.0018044510037723554,0.016293157498408806,-0.0022849237555108357,0.0014514545516486797,0.00505399054215968,-0.013318636059823181,-0.009623578290242844,0.0102640869675756,-0.008203781439410052,-0.004489568870726225,330.0,5706273097.155472,0.7981670576428652,0.8076550782670184,0.833528067056541,0.8170380775629207,0.8063669260376926,0.8227765085768711
