ticker,company,file_date,form,accepted,entry_kind,offer,p_pre,premium,runup_20d,cap_entry,ret_entry_d0_close,cap_d0_close,ret_entry_d1_close,cap_d1_close,ret_entry_d5_close,cap_d5_close,ret_entry_d20_close,cap_d20_close,dq
CCM,Concord Medical Services Holdings Ltd,2016-07-11,SC 13D/A,2016-07-11T07:04:19-04:00,open,1.73,38.79999923706055,-0.9554123702572768,0.043010710787809936,-0.08632319473425476,0.021428607759021556,-0.11060162862694106,0.03333336966378342,-0.12408962458837954,0.03809520176478798,-0.1294847406487608,0.028571446736653572,-0.11869440562275561,suspect
BLBD,,2016-07-21,,,,,,,,,,,,,,,,,no_terms
LNG,CHENIERE ENERGY INC,2016-09-30,SC 13D/A,2016-09-30T08:31:02-04:00,open,21.9,43.369998931884766,-0.4950426437778962,0.010955650099973457,0.01257570895183876,0.011600928484956086,-0.010712601475483044,-0.022969788835699445,0.05868646409953933,-0.02529002763752697,0.06334423279042863,-0.10092804241589481,0.21518393859925516,suspect
IPDN,"Professional Diversity Network, Inc.",2016-12-21,SC 13D/A,2016-12-21T16:35:54-05:00,open,9.6,189.0,-0.9492063492063492,0.20229009967619715,-0.05908587571636357,0.0010019886880086037,-0.06020068590723418,0.0010019886880086037,-0.06020068590723418,0.09418831271587624,-0.16387956464038111,-0.010020039773760203,-0.047937603698526336,suspect
MS,MORGAN STANLEY,2017-02-17,SC 13D/A,2017-02-17T16:45:15-05:00,open,5.21,46.150001525878906,-0.8871072626708699,0.0835877285873805,-0.002931092511291485,0.00626757969868752,-0.010014651493184267,0.005403068889705542,-0.009037589596836792,-0.01296741480186614,0.011724556400667817,-0.07802032795843294,0.08524674031242291,suspect
CAAS,CHINA AUTOMOTIVE SYSTEMS INC,2017-05-16,SC 13D/A,2017-05-16T06:34:48-04:00,open,5.45,5.099999904632568,0.06862747096318778,0.07594939892359531,0.0,-0.007843129921765946,-0.11428557415401612,-0.02549021899448134,-0.37142879719630706,-0.015686259843532002,-0.22857114830803224,-0.047058779530595896,-0.6857134449240967,ok
CSIQ,Canadian Solar Inc.,2017-12-12,SC 13D/A,2017-12-12T07:17:03-05:00,open,18.47,17.790000915527344,0.03822366776154262,0.0,-0.5735320912961516,0.0235632101379748,0.02940967255940955,0.011494296972653917,-0.27941292627616426,0.0005747258104067399,-0.5588258525523285,-0.005747148486326958,-0.7205916738061452,ok
LNG,,2018-05-17,,,,,,,,,,,,,,,,,no_terms
VERI,"Veritone, Inc.",2018-12-20,SC 13D/A,2018-12-20T16:27:35-05:00,open,10.26,4.400000095367432,1.3318181312773847,-0.1760299682322879,-0.027303810043201676,-0.05188674577065666,-0.06484643696675019,-0.056603722658898126,-0.06825940305070914,-0.10377354777211323,-0.10238910457606372,0.15094348534692825,0.08191126738654497,suspect
UPBD,RENT A CENTER INC DE,2018-12-21,SC 13D/A,2018-12-21T17:26:47-05:00,open,15.0,14.899999618530273,0.006711435169794333,0.024759261184438497,0.10000190734135689,0.03755871397368904,5.699984741269145,0.0999329165906584,14.999942779759294,0.10462773185159668,15.699937057735223,0.1810865721375634,27.099906540273512,suspect
WLFC,,2019-06-28,,,,,,,,,,,,,,,,,no_terms
RRGB,RED ROBIN GOURMET BURGERS INC,2019-07-18,SC 13D/A,2019-07-18T16:14:38-04:00,open,40.0,30.600000381469727,0.3071895261878028,-0.015760687317892375,0.5265956443054379,-0.03516174477711065,0.39361691550465505,-0.05597743759428764,0.3148937353131613,-0.024753898368522043,0.4329785056004019,-0.11082978090760609,0.10744683722016506,ok
XELA,,2019-07-18,,,,,,,,,,,,,,,,,no_terms
JD,"JD.com, Inc.",2019-09-16,SC 13D/A,2019-09-16T16:04:03-04:00,open,16.0,30.850000381469727,-0.48136143266920295,-0.014062017295732088,0.007407448318238735,0.013988298906228103,-0.021548800444714057,0.009759308609073036,-0.012794648429417249,-0.0432661006378946,0.09696973044219533,0.008458042642086161,-0.010100984153336955,suspect
CLMB,"Wayside Technology Group, Inc.",2019-12-11,SC 13D/A,2019-12-11T17:23:37-05:00,open,16.38,3.6875,3.442033898305085,0.07350802370498455,0.0009848373199697318,0.06891888452325134,0.02107543223998855,0.06418917547446101,0.019696671262556628,0.06891888452325134,0.02107543223998855,0.08851354072527573,0.026787484938971096,suspect
BYFC,BROADWAY FINANCIAL CORP \DE\,2020-04-14,SC 13D/A,2020-04-14T10:09:59-04:00,close,1.75,10.960000038146973,-0.8403284677090315,-0.05517244157552914,-0.008686202320814589,0.0,-0.008686202320814589,-0.02173910977784832,0.017372404641629178,-0.02173910977784832,0.017372404641629178,0.036231849629747126,-0.05211721392488754,suspect
STGW,MDC PARTNERS INC,2020-06-26,SC 13D/A,2020-06-25T19:19:03-04:00,open,4.25,1.149999976158142,2.695652250531492,-0.15441179113095171,0.5225806426803478,-0.2599278099523318,0.29032257072139117,-0.21660646525776495,0.3290322878358265,-0.23826718064089325,0.3096773908239996,-0.23826718064089325,0.3096773908239996,suspect
VOXX,,2020-11-02,,,,,,,,,,,,,,,,,no_terms
TCTM,,2020-12-11,,,,,,,,,,,,,,,,,no_prices
WLFC,WILLIS LEASE FINANCE CORP,2021-03-17,SC 13D/A,2021-03-17T07:00:24-04:00,open,42.0,11.783332824707031,2.564356589498629,0.0650798720254604,0.042581362883370756,0.12445807656363184,0.09641479902205724,0.09665901684129041,0.08439051785366662,0.08492736314225979,0.07931607634174873,0.08212194072654944,0.07810261127280266,suspect
COR,,2021-06-03,,,,,,,,,,,,,,,,,no_terms
SWKH,,2021-11-23,,,,,,,,,,,,,,,,,no_prices
LEE,"LEE ENTERPRISES, Inc",2021-11-23,SC 13D/A,2021-11-23T07:32:55-05:00,open,24.0,23.399999618530273,0.025641042361154165,0.09141786546876163,-0.1666671964853945,0.039914177494758896,1.3833323266777504,0.04849790150713296,1.7166667196485395,0.04163095504141734,1.450000476836855,0.6918454703742907,26.69998060863456,suspect
INVA,,2022-02-02,,,,,,,,,,,,,,,,,no_terms
RIO,,2022-03-14,,,,,,,,,,,,,,,,,no_terms
CHR,GLORY STAR NEW MEDIA GROUP HOLDINGS Ltd,2022-03-14,SC 13D/A,2022-03-14T07:39:42-04:00,open,1.27,1320.0,-0.9990378787878788,-0.18518518518518523,-0.10237122079576562,-0.010309278350515427,-0.09099664070734723,-0.09278350515463918,-0.0,0.030927835051546282,-0.13649496106102083,-0.020618556701030966,-0.07962206061892882,suspect
BEDU,,2022-05-03,,,,,,,,,,,,,,,,,no_terms
KINS,,2022-05-04,,,,,,,,,,,,,,,,,no_terms
I,,2022-06-27,,,,,,,,,,,,,,,,,no_prices
ATCOL,,2022-08-05,,,,,,,,,,,,,,,,,no_prices
KIDS,,2022-08-17,,,,,,,,,,,,,,,,,no_terms
VNET,"VNET Group, Inc.",2022-09-14,SC 13D/A,2022-09-14T06:05:59-04:00,open,8.2,5.659999847412109,0.4487632899405889,0.03663000144099149,0.003937097748457677,0.07407408653307601,0.16929144856061273,0.07583771120858285,0.17322835857791705,0.07231037775930615,0.16535435081215505,-0.17636684066036645,-0.3897636660019483,ok
FXLV,,2022-09-30,,,,,,,,,,,,,,,,,no_prices
WLFC,WILLIS LEASE FINANCE CORP,2022-11-17,SC 13D/A,2022-11-17T17:27:41-05:00,open,45.0,14.286666870117188,2.149789969144208,0.12759800979386626,0.00965919732873483,0.03497144502850014,0.026264370942588763,0.0820571481335699,0.04862164769088681,0.10057140024613309,0.05741260186533481,0.2674286164949389,0.1366398983718935,suspect
FANH,,2022-12-23,,,,,,,,,,,,,,,,,no_terms
CREX,"CREATIVE REALITIES, INC.",2023-02-06,SC 13D/A,2023-02-06T16:15:53-05:00,open,0.83,2.069999933242798,-0.5990338034940186,0.14999999337726155,-0.16935487859083106,0.0,-0.16935487859083106,-0.013157882353605488,-0.14516135197400634,-0.013157882353605488,-0.14516135197400634,0.0,-0.16935487859083106,suspect
BLKB,BLACKBAUD INC,2023-03-27,SC 13D/A,2023-03-27T06:06:25-04:00,open,71.0,57.83000183105469,0.22773643008728084,0.011898517708137879,0.5603643340528253,-0.01962887283035797,0.4631738285662645,-0.0050606016820703426,0.5353072439286347,0.06747433810233883,0.8944571311387091,0.018095389077481983,0.6499619399172063,ok
CLAR,,2023-09-18,,,,,,,,,,,,,,,,,no_terms
PSHG,Performance Shipping Inc.,2023-10-11,SC 13D/A,2023-10-11T14:29:43-04:00,close,3.0,1.6799999475479126,0.7857143414669314,-0.23636367675686587,0.356060703896509,0.0,0.356060703896509,-0.009302316297383983,0.3409092037966712,-0.06511632497404563,0.2500000225775161,-0.10697680375845253,0.18181818181818182,ok
SHCR,,2023-10-11,,,,,,,,,,,,,,,,,no_prices
CHEK,,2023-10-30,,,,,,,,,,,,,,,,,no_prices
SSYS,STRATASYS LTD.,2023-12-26,SC 13D/A,2023-12-26T06:04:38-05:00,open,16.5,13.109999656677246,0.25858126865748177,0.17473116809381684,0.28318582328107256,0.05330490520734665,0.5044247389281659,0.03980102571165656,0.4483776707449602,-0.019189730628684898,0.20353995993442997,-0.07249463583603144,-0.017698955712663302,ok
LLAP,,2024-03-01,,,,,,,,,,,,,,,,,no_prices
RBTC,,2024-03-14,,,,,,,,,,,,,,,,,no_terms
BLKB,BLACKBAUD INC,2024-04-15,SC 13D/A,2024-04-15T06:01:44-04:00,open,80.0,76.72000122070312,0.04275285097899295,0.055295796990513235,0.707317243368472,0.0011386176220671285,0.7347551614734041,-0.009868405494206423,0.46951264898259193,-0.005187293235833335,0.5823160803505801,-0.021761148795296004,0.18292643214023205,ok
WOW,,2024-05-02,,,,,,,,,,,,,,,,,no_prices
BEST,,2024-06-21,,,,,,,,,,,,,,,,,no_terms
BHIL,,2024-06-27,,,,,,,,,,,,,,,,,no_prices
RCM,,2024-07-02,,,,,,,,,,,,,,,,,no_prices
DCO,DUCOMMUN INC /DE/,2024-07-17,SC 13D/A,2024-07-17T16:28:21-04:00,open,65.0,61.5,0.05691056910569103,0.07030979777058621,0.11428615025111608,-0.02907920851997514,-0.4000004359654018,-0.02455574184643916,-0.31999969482421875,0.015670393894906987,0.3914282662527902,0.04232625286918834,0.8628561837332589,ok
BNED,"Barnes & Noble Education, Inc.",2024-07-22,SC 13D/A,2024-07-22T16:05:45-04:00,open,0.6,9.770000457763672,-0.9385875156716893,0.5483360612298211,0.02944388705401636,0.05999996787623352,-0.03271529139418484,0.004210522300318598,0.025081841268166715,0.08526320206491578,-0.05888767010865771,0.21368418241802023,-0.1919301185767594,suspect
ME,,2024-07-31,,,,,,,,,,,,,,,,,no_prices
CASI,,2024-08-12,,,,,,,,,,,,,,,,,no_terms
VOXX,,2024-08-27,,,,,,,,,,,,,,,,,no_prices
CHTR,"CHARTER COMMUNICATIONS, INC. /MO/",2024-09-23,SC 13D/A,2024-09-23T16:15:10-04:00,open,356.64,331.6199951171875,0.07544781753576402,-0.049063789550969905,-0.11390909461706138,-0.016455284371726497,-0.330136217171533,-0.04343461768556689,-0.6846523397195646,0.000547565773565406,-0.10671392442414737,0.003193777855749591,-0.07194194411229925,ok
HOFV,,2024-10-01,,,,,,,,,,,,,,,,,no_prices
MAPS,"WM TECHNOLOGY, INC.",2024-12-18,SCHEDULE 13D/A,2024-12-18T07:03:11-05:00,open,1.7,1.2200000286102295,0.3934425902731866,0.17307699361496676,0.37499991307655456,-0.007142850452539706,0.35416659836967385,0.04285718786473258,0.5000000496705403,0.0642857392223517,0.5624999937911825,0.0,0.37499991307655456,ok
DXLG,"DESTINATION XL GROUP, INC.",2024-12-23,SCHEDULE 13D/A,2024-12-23T08:00:43-05:00,open,3.0,2.180000066757202,0.376146746849676,-0.15503870882843696,0.4390242980534866,0.027559029249642375,0.5243900772505334,0.09842519832859198,0.7439023716544709,0.059055156543388554,0.6219512585158326,0.10236220250711225,0.7560974829683348,ok
DADA,,2025-01-29,,,,,,,,,,,,,,,,,no_prices
AADI,,2025-02-04,,,,,,,,,,,,,,,,,no_prices
BOOM,DMC Global Inc.,2025-02-07,SCHEDULE 13D/A,2025-02-07T16:12:28-05:00,open,10.18,7.920000076293945,0.28535352297162975,0.06308728578010103,0.3938054749414723,-0.02837684314331468,0.2831860021805891,-0.047673105140694005,0.2079647269448045,0.01021557260237782,0.433628130672358,-0.09875145527338036,0.00884954938127465,ok
SOL,,2025-03-17,,,,,,,,,,,,,,,,,no_prices
GES,,2025-03-17,,,,,,,,,,,,,,,,,no_prices
SONM,SONIM TECHNOLOGIES INC,2025-04-24,SCHEDULE 13D/A,2025-04-24T16:30:02-04:00,open,4.0,28.979999542236328,-0.861973772837012,-0.3148936154862644,0.0072057769605413996,0.03749999834431539,-0.03602880844767627,-0.016875002566311137,0.026661344211990887,-0.024999976820415326,0.03602880844767627,-0.4062499710255192,0.4755804394903943,suspect
HHH,,2025-05-07,,,,,,,,,,,,,,,,,no_terms
ZK,,2025-05-07,,,,,,,,,,,,,,,,,no_prices
BEDU,,2025-05-28,,,,,,,,,,,,,,,,,no_prices
TIXT,,2025-06-12,,,,,,,,,,,,,,,,,no_prices
SAGE,,2025-07-21,,,,,,,,,,,,,,,,,no_prices
ANGH,,2025-07-25,,,,,,,,,,,,,,,,,no_terms
FORA,,2025-08-25,,,,,,,,,,,,,,,,,no_prices
LSB,,2025-08-27,,,,,,,,,,,,,,,,,no_terms
JHG,,2025-10-27,,,,,,,,,,,,,,,,,no_prices
GRND,,2025-11-06,,,,,,,,,,,,,,,,,no_terms
NEUP,Neuphoria Therapeutics Inc.,2025-11-10,SCHEDULE 13D/A,2025-11-10T14:33:07-05:00,close,5.2,4.099999904632568,0.26829271242776076,-0.7657142911638533,0.7272728376152005,0.0,0.7272728376152005,-0.0020408629973885928,0.7181817212380737,-0.040816384124437,0.5454544114672564,-0.06122452752980356,0.4545454151374283,ok
PRTH,"Priority Technology Holdings, Inc.",2025-11-10,SCHEDULE 13D/A,2025-11-10T07:43:53-05:00,open,6.15,4.869999885559082,0.26283370524021543,-0.3310439910430596,0.5703124639112533,-0.005357095264657774,0.546875174622967,-0.008928520490927738,0.5312501909211106,-0.03392858222431083,0.4218749324791193,-0.001785670038387921,0.5625001583248234,ok
PETS,,2025-12-11,,,,,,,,,,,,,,,,,no_terms
CASI,,2026-01-09,,,,,,,,,,,,,,,,,no_prices
SEM,,2026-02-23,,,,,,,,,,,,,,,,,no_prices
RSVR,"Reservoir Media, Inc.",2026-03-03,SCHEDULE 13D/A,2026-03-03T21:53:29-05:00,open,10.5,9.0,0.16666666666666674,0.21293799291916105,0.7266667683919271,-0.0336967440481839,0.5,-0.012884054754704333,0.6400000254313151,-0.025768109509408776,0.5533332824707031,-0.04360758448004243,0.4333330790201823,ok
DSGR,,2026-03-16,,,,,,,,,,,,,,,,,no_terms
PERF,Perfect Corp.,2026-03-20,SCHEDULE 13D/A,2026-03-20T06:56:52-04:00,open,1.95,1.6200000047683716,0.20370370016067496,0.08724831838896896,0.06060600368335036,0.006097555213709249,0.09090900552502555,0.036585403970846864,0.24242437597367805,0.012195110427418276,0.12121200736670072,0.05487806961197439,0.33333338149870356,ok
SYBX,"SYNLOGIC, INC.",2026-04-06,SCHEDULE 13D/A,2026-04-06T16:15:27-04:00,open,0.64,0.5950000286102295,0.07563020037978685,0.008474669590729178,1.222221833687994,-0.015384601277006582,0.9999996821083588,-0.03230764434182254,0.7555555802804608,-0.02307690191550993,0.8888886063185412,-0.08307686523572722,0.02222195024826277,ok
SEER,"Seer, Inc.",2026-04-13,SCHEDULE 13D/A,2026-04-13T16:37:26-04:00,open,2.25,1.9199999570846558,0.17187502619344808,0.06077349048762537,-0.060605994926019806,0.021052674507501035,0.0606063561662442,0.031578980390385425,0.121212351092264,0.052631592156154205,0.24242434094430362,-0.04210522353153756,-0.30302997463009906,ok
JOB,GEE Group Inc.,2026-05-06,SCHEDULE 13D/A,2026-05-06T16:28:30-04:00,open,0.3,0.27000001072883606,0.11111106695952411,0.08000004291534424,0.0,-0.03703711062301529,-0.3333341280622147,-0.03703711062301529,-0.3333341280622147,-0.11111116630059481,-1.0000008940699918,-0.1481481665446427,-1.3333340287211048,ok
RPAY,Repay Holdings Corp,2026-05-18,SCHEDULE 13D/A,2026-05-18T20:12:48-04:00,open,4.8,3.509999990463257,0.3675213712369516,-0.13333337650377364,-0.007751930534363308,-0.019999980926513672,-0.06201544427490646,-0.054285730634416884,-0.15503879550786873,0.0714285714285714,0.18604651764532196,-0.051428590502057725,-0.14728686497350543,ok
EBAY,EBAY INC,2026-06-05,SCHEDULE 13D/A,2026-06-05T21:38:48-04:00,open,125.0,109.3499984741211,0.14311844302021326,0.027532422059661332,-0.02108637692520318,-0.005320071725548381,-0.058146705686262755,-0.0033020821137580425,-0.044089121069460634,0.0014676542564318051,-0.010862501748910557,0.057145510445489656,0.37699686585478215,ok
PAG,,2026-07-22,,,,,,,,,,,,,,,,,no_terms
